"Model","Brand","Produkt","SKU uden PF-pris"
"38235","Elevate","Arora 300 g/m² unisex hættetrøje","3823562A"
"38235","Elevate","Arora 300 g/m² unisex hættetrøje","3823562B"
"38235","Elevate","Arora 300 g/m² unisex hættetrøje","3823591A"
"38235","Elevate","Arora 300 g/m² unisex hættetrøje","3823591B"
"100938","Citizen Green","Citizen Green Aqua 500 ml vandflaske af glas","10093801"
"109421","Citizen Green","Citizen Green Rainfall 22"" foldbar paraply","10942155"
"109421","Citizen Green","Citizen Green Rainfall 22"" foldbar paraply","10942182"
"109421","Citizen Green","Citizen Green Rainfall 22"" foldbar paraply","10942190"
"109422","Citizen Green","Citizen Green Golf 25"" cityparaply","10942255"
"109422","Citizen Green","Citizen Green Golf 25"" cityparaply","10942282"
"109422","Citizen Green","Citizen Green Golf 25"" cityparaply","10942290"
"109423","Citizen Green","Citizen Green Pepin 22"" foldbar paraply","10942355"
"109423","Citizen Green","Citizen Green Pepin 22"" foldbar paraply","10942382"
"109423","Citizen Green","Citizen Green Pepin 22"" foldbar paraply","10942390"
"112811","Citizen Green","Citizen Green Replay genvundet tæppe - 120 x 150 cm","11281121"
"112811","Citizen Green","Citizen Green Replay genvundet tæppe - 120 x 150 cm","11281155"
"112811","Citizen Green","Citizen Green Replay genvundet tæppe - 120 x 150 cm","11281182"
"112812","Citizen Green","Citizen Green Recoon genvundet lamineret tæppe med dobbeltlag- 120 x 150 cm","11281280"
"112812","Citizen Green","Citizen Green Recoon genvundet lamineret tæppe med dobbeltlag- 120 x 150 cm","11281283"
"112813","Citizen Green","Citizen Green Poloris RPET tæppe - 120 x 150 cm","11281306"
"120803","Citizen Green","Citizen Green Vanguard genvundet rygsæk ","12080322"
"120803","Citizen Green","Citizen Green Vanguard genvundet rygsæk ","12080355"
"120803","Citizen Green","Citizen Green Vanguard genvundet rygsæk ","12080382"
"1PA052","Prixton","Prixton VC400 vinyl MP3 afspiller","1PA05201"
"1PA052","Prixton","Prixton VC400 vinyl MP3 afspiller","1PA05202"
"1PA052","Prixton","Prixton VC400 vinyl MP3 afspiller","1PA05235"
"1PA052","Prixton","Prixton VC400 vinyl MP3 afspiller","1PA05236"
"1PA052","Prixton","Prixton VC400 vinyl MP3 afspiller","1PA05255"
"1PA052","Prixton","Prixton VC400 vinyl MP3 afspiller","1PA05270"
"1PA052","Prixton","Prixton VC400 vinyl MP3 afspiller","1PA05282"
"1PA052","Prixton","Prixton VC400 vinyl MP3 afspiller","1PA05290"
"1PA058","Prixton","Prixton RF100 Run Fit løbebånd","1PA05800"
"1PA059","Prixton","Prixton BF100 Bike Fit motionscykel","1PA05900"
"1PA062","Prixton","Prixton Flex 11.6"" pro notebook","1PA06200"
"1PA063","Prixton","Prixton 14,1'' Pro netbook","1PA06300"
"1PA066","Prixton","Prixton Live Pro trådløs ANC Bluetooth® 5.0 høretelefoner","1PA06690"
"1PA075","Prixton","Prixton deluxe biografprojektør","1PA07590"
"1PA084","Prixton","Prixton Verona kaffemaskine","1PA08481"
"1PA087","Prixton","Prixton EW10 WiFi stik","1PA08701"
"1PA088","Prixton","Prixton BW10 WiFi lampe","1PA08801"
"1PA094","Prixton","Prixton P120 symaskine","1PA09401"
"1PA096","Prixton","Prixton Draco gamerstol","1PA09690"
"1PA111","Prixton","Prixton Marconi vinyl player","1PA11190"
"1PA113","Prixton","Prixton Toscana espresso kaffemaskine ","1PA11390"
"1PA114","Prixton","Prixton Studio vinylpladespiller","1PA11471"
"1PA115","Prixton","Prixton Century vinylpladespiller og musikafspiller","1PA11590"
"1PA116","Prixton","Prixton Studio deluxe pladespiller og musikafspiller","1PA11601"
"1PA121","Prixton","Prixton La Petite Bakery brødmaskine","1PA12101"
"1PA127","Prixton","Prixton 15,6""Netbook Pro 4/128 GB","1PA12790"
"1PA129","Prixton","Prixton P50 Picasso projektor med 100"" skærm","1PA12901"
"1PA132","Prixton","Prixton My Foodie wifi køkken gourmetrobot ","1PA13290"
"1PA134","Prixton","Prixton Roomie smart robotstøvsuger","1PA13490"
"1PA135","Prixton","Prixton Thunder støvsuger","1PA13590"
"1PA136","Prixton","Prixton Flex Ultimate støvsuger","1PA13621"
"1PA144","Prixton","Prixton MGF200 Xtreme massagepistol","1PA14490"
"1PA146","Prixton","Prixton BIO XP4 saftpresser ","1PA14682"
"1PA147","Prixton","Prixton Bianca brødrister ","1PA14701"
"1PA148","Prixton","Prixton Bianca Pro brødrister","1PA14801"
"1PA153","Prixton","Prixton BF250 Bike Fit  sammenfoldelig motionscykel ","1PA15390"
"1PA154","Prixton","Prixton MGF300 Fit Titan massagepistol","1PA15490"
"1PA155","Prixton","Prixton Fit Power Flex massagepistol","1PA15590"
"1PA158","Prixton","Prixton VC400 vinylpladespiller","1PA15862"
"1PA159","Prixton","Prixton Detroit vinylpladespiller","1PA15990"
"1PA162","Prixton","Prixton Miró projektor","1PA16290"
"1PA166","Prixton","Prixton VC600  pladespiller ","1PA16635"
"1PA166","Prixton","Prixton VC600  pladespiller ","1PA16641"
"1PA166","Prixton","Prixton VC600  pladespiller ","1PA16651"
"1PA166","Prixton","Prixton VC600  pladespiller ","1PA16670"
"1PA168","Prixton","Prixton PartyGO karaoke","1PA16890"
"1PA169","Prixton","Prixton Dragon gamingkit","1PA16990"
"1PA170","Prixton","Prixton BT300 vindues pudserrobot","1PA17090"
"1PA171","Prixton","Prixton Nova 10,1"" tablet 4G 4/64 GB ","1PA17190"
"1PA172","Prixton","Prixton DV800 5K dobbeltskærms actionkamera","1PA17290"
"1PA177","Prixton","Prixton Sahara affugter","1PA17701"
"1PA178","Prixton","Prixton Capri kaffemaskine med kværn","1PA17890"
"1PA179","Prixton","Prixton Thor Cyclone støvsuger","1PA17990"
"1PA181","Prixton","Prixton SWB33 smartwatch","1PA18190"
"1PA182","Prixton","Prixton Boogie CD afspiller","1PA18201"
"1PA182","Prixton","Prixton Boogie CD afspiller","1PA18290"
"1PA183","Prixton","Prixton Cook Organics airfryer 7 l","1PA18390"
"1PA184","Prixton","Prixton Cook Organics dobbelt airfryer 8 l","1PA18490"
"1PA186","Prixton","Prixton Prado S 7"" wi-fi digital fotoramme","1PA18690"
"1PA187","Prixton","Prixton AquaClean tæppestøvsuger","1PA18701"
"1PA189","Prixton","Prixton RF150 Run Fit løbebånd","1PA18990"
"1PA191","Prixton","Prixton Pegasus Advanced 1080 P GPS drone","1PA19190"
"1PA192","Prixton","Prixton Pegasus 720 P GPS drone","1PA19290"
"1PA194","Prixton","Prixton KR250 Kneader højtydende mixer","1PA19410"
"1PA194","Prixton","Prixton KR250 Kneader højtydende mixer","1PA19431"
"1PA194","Prixton","Prixton KR250 Kneader højtydende mixer","1PA19450"
"1PA194","Prixton","Prixton KR250 Kneader højtydende mixer","1PA19462"
"1PA194","Prixton","Prixton KR250 Kneader højtydende mixer","1PA19490"
"1PA195","Prixton","Prixton DV900XPLORER 4K digitalkamera ","1PA19501"
"1PA195","Prixton","Prixton DV900XPLORER 4K digitalkamera ","1PA19581"
"1PA196","Prixton","Prixton DV850 Aqua 4K actionkamera med dobbeltskærm","1PA19690"
"1PA197","Prixton","Prixton Dalí 720 P projektor","1PA19701"
"1PA198","Prixton","Prixton Matisse 1080 P projektor","1PA19801"
"1PA199","Prixton","Prixton Jaia 40 W karaoke Bluetooth® højttaler","1PA19990"
"1PA200","Prixton","Prixton Jaia Max 75 W karaoke Bluetooth® højttaler","1PA20090"
"1PA206","Prixton","Prixton Prado XL 15,6 "" wi-fi digital fotoramme","1PA20690"
"1PA207","Prixton","Prixton smart wifi automatisk foder til kæledyr","1PA20701"
"1PA208","Prixton","Prixton BM100 Combat boksemaskine","1PA20890"
"1PA211","Prixton","Prixton DV50 smart wifi dørkamera","1PA21190"
"1PA212","Prixton","Prixton RF110 Run Fit kompakt løbebånd","1PA21290"
"1PA214","Prixton","Prixton Aura 2-i-1 affugter og luftrenser","1PA21401"
"1PA215","Prixton","Prixton Nomad DC950 digitalkamera","1PA21590"
"1PA216","Prixton","Prixton Snap DC600 digitalkamera","1PA21690"
"1PA217","Prixton","Prixton Renoir projektor","1PA21701"
"1PA218","Prixton","Prixton Monet projektor","1PA21890"
"1PA219","Prixton","Prixton Eco Move SCO850M elektrisk løbehjul","1PA21990"
"1PA221","Prixton","Prixton Horizon DC915 digitalkamera","1PA22190"
"1PA222","Prixton","Prixton Sirocco Cyclone ledningsfri støvsuger","1PA22282"
"1PA223","Prixton","Prixton AquaClean Steam Pro rengøringsmiddel","1PA22382"
"1PA224","Prixton","Prixton BC400 vægt til kropssammensætning","1PA22490"
"1PA225","Prixton","Prixton Nera brødrister til 4 skiver","1PA22581"
"1PA227","Prixton","Prixton DV830 5K actionkamera","1PA22790"
"1PA228","Prixton","Prixton KR350 8L køkkenmaskine","1PA22890"
"1PA231","Prixton","Prixton Combat Pro BM150 boksemaskine","1PA23190"
"1PA232","Prixton","Prixton Cook Organics air fryer på 4,2 liter","1PA23290"
"1PA233","Prixton","Prixton Cook Organics 6L air fryer med dobbelt opvarmning","1PA23390"
"1PA234","Prixton","Prixton Cook Organics 10L vertikal luftfryser","1PA23490"
"1PA237","Prixton","Prixton Party Star karaokeanlæg","1PA23790"
"1PA238","Prixton","Prixton AI Content Studio stativ","1PA23890"
"1PA502","Prixton","Prixton P115 symaskine","1PA50201"
"1PA503","Prixton","Prixton Cinema Max 100"" projektor lærred","1PA50301"
"1PA504","Prixton","Prixton Aloha Pro 30 W højttaler","1PA50452"
"1PE000","Clic Clac tin by Areka","Clic clac naturlige mintpastiller","1PE00001"
"1PE000","Clic Clac tin by Areka","Clic clac naturlige mintpastiller","1PE00011"
"1PE000","Clic Clac tin by Areka","Clic clac naturlige mintpastiller","1PE00014"
"1PE000","Clic Clac tin by Areka","Clic clac naturlige mintpastiller","1PE00021"
"1PE000","Clic Clac tin by Areka","Clic clac naturlige mintpastiller","1PE00031"
"1PE000","Clic Clac tin by Areka","Clic clac naturlige mintpastiller","1PE00050"
"1PE000","Clic Clac tin by Areka","Clic clac naturlige mintpastiller","1PE00052"
"1PE000","Clic Clac tin by Areka","Clic clac naturlige mintpastiller","1PE00061"
"1PE000","Clic Clac tin by Areka","Clic clac naturlige mintpastiller","1PE00081"
"1PE000","Clic Clac tin by Areka","Clic clac naturlige mintpastiller","1PE00082"
"1PE000","Clic Clac tin by Areka","Clic clac naturlige mintpastiller","1PE00090"
"1PE000","Clic Clac tin by Areka","Clic clac naturlige mintpastiller","1PE00091"
"1PE000","Clic Clac tin by Areka","Clic clac naturlige mintpastiller","1PE00092"
"1PE000","Clic Clac tin by Areka","Clic clac naturlige mintpastiller","1PE00093"
"1PE000","Clic Clac tin by Areka","Clic clac naturlige mintpastiller","1PE00094"
"1PE000","Clic Clac tin by Areka","Clic clac naturlige mintpastiller","1PE00095"
"1PE000","Clic Clac tin by Areka","Clic clac naturlige mintpastiller","1PE00096"
"1PE000","Clic Clac tin by Areka","Clic clac naturlige mintpastiller","1PE00097"
"1PE000","Clic Clac tin by Areka","Clic clac naturlige mintpastiller","1PE00098"
"1PE001","Clic Clac tin by Areka","Clic clac sukkerfri ekstra stærke mintpastiller","1PE00101"
"1PE001","Clic Clac tin by Areka","Clic clac sukkerfri ekstra stærke mintpastiller","1PE00111"
"1PE001","Clic Clac tin by Areka","Clic clac sukkerfri ekstra stærke mintpastiller","1PE00114"
"1PE001","Clic Clac tin by Areka","Clic clac sukkerfri ekstra stærke mintpastiller","1PE00121"
"1PE001","Clic Clac tin by Areka","Clic clac sukkerfri ekstra stærke mintpastiller","1PE00131"
"1PE001","Clic Clac tin by Areka","Clic clac sukkerfri ekstra stærke mintpastiller","1PE00150"
"1PE001","Clic Clac tin by Areka","Clic clac sukkerfri ekstra stærke mintpastiller","1PE00152"
"1PE001","Clic Clac tin by Areka","Clic clac sukkerfri ekstra stærke mintpastiller","1PE00161"
"1PE001","Clic Clac tin by Areka","Clic clac sukkerfri ekstra stærke mintpastiller","1PE00181"
"1PE001","Clic Clac tin by Areka","Clic clac sukkerfri ekstra stærke mintpastiller","1PE00182"
"1PE001","Clic Clac tin by Areka","Clic clac sukkerfri ekstra stærke mintpastiller","1PE00190"
"1PE001","Clic Clac tin by Areka","Clic clac sukkerfri ekstra stærke mintpastiller","1PE00191"
"1PE001","Clic Clac tin by Areka","Clic clac sukkerfri ekstra stærke mintpastiller","1PE00192"
"1PE001","Clic Clac tin by Areka","Clic clac sukkerfri ekstra stærke mintpastiller","1PE00193"
"1PE001","Clic Clac tin by Areka","Clic clac sukkerfri ekstra stærke mintpastiller","1PE00194"
"1PE001","Clic Clac tin by Areka","Clic clac sukkerfri ekstra stærke mintpastiller","1PE00195"
"1PE001","Clic Clac tin by Areka","Clic clac sukkerfri ekstra stærke mintpastiller","1PE00196"
"1PE001","Clic Clac tin by Areka","Clic clac sukkerfri ekstra stærke mintpastiller","1PE00197"
"1PE001","Clic Clac tin by Areka","Clic clac sukkerfri ekstra stærke mintpastiller","1PE00198"
"1PE002","Clic Clac tin by Areka","Clic clac sukkerfri mintpastiller","1PE00201"
"1PE002","Clic Clac tin by Areka","Clic clac sukkerfri mintpastiller","1PE00211"
"1PE002","Clic Clac tin by Areka","Clic clac sukkerfri mintpastiller","1PE00214"
"1PE002","Clic Clac tin by Areka","Clic clac sukkerfri mintpastiller","1PE00221"
"1PE002","Clic Clac tin by Areka","Clic clac sukkerfri mintpastiller","1PE00231"
"1PE002","Clic Clac tin by Areka","Clic clac sukkerfri mintpastiller","1PE00250"
"1PE002","Clic Clac tin by Areka","Clic clac sukkerfri mintpastiller","1PE00252"
"1PE002","Clic Clac tin by Areka","Clic clac sukkerfri mintpastiller","1PE00261"
"1PE002","Clic Clac tin by Areka","Clic clac sukkerfri mintpastiller","1PE00281"
"1PE002","Clic Clac tin by Areka","Clic clac sukkerfri mintpastiller","1PE00282"
"1PE002","Clic Clac tin by Areka","Clic clac sukkerfri mintpastiller","1PE00290"
"1PE002","Clic Clac tin by Areka","Clic clac sukkerfri mintpastiller","1PE00291"
"1PE002","Clic Clac tin by Areka","Clic clac sukkerfri mintpastiller","1PE00292"
"1PE002","Clic Clac tin by Areka","Clic clac sukkerfri mintpastiller","1PE00293"
"1PE002","Clic Clac tin by Areka","Clic clac sukkerfri mintpastiller","1PE00294"
"1PE002","Clic Clac tin by Areka","Clic clac sukkerfri mintpastiller","1PE00295"
"1PE002","Clic Clac tin by Areka","Clic clac sukkerfri mintpastiller","1PE00296"
"1PE002","Clic Clac tin by Areka","Clic clac sukkerfri mintpastiller","1PE00297"
"1PE002","Clic Clac tin by Areka","Clic clac sukkerfri mintpastiller","1PE00298"
"1PE003","Clic Clac tin by Areka","Clic clac chokolade","1PE00301"
"1PE003","Clic Clac tin by Areka","Clic clac chokolade","1PE00311"
"1PE003","Clic Clac tin by Areka","Clic clac chokolade","1PE00314"
"1PE003","Clic Clac tin by Areka","Clic clac chokolade","1PE00321"
"1PE003","Clic Clac tin by Areka","Clic clac chokolade","1PE00331"
"1PE003","Clic Clac tin by Areka","Clic clac chokolade","1PE00350"
"1PE003","Clic Clac tin by Areka","Clic clac chokolade","1PE00352"
"1PE003","Clic Clac tin by Areka","Clic clac chokolade","1PE00361"
"1PE003","Clic Clac tin by Areka","Clic clac chokolade","1PE00381"
"1PE003","Clic Clac tin by Areka","Clic clac chokolade","1PE00382"
"1PE003","Clic Clac tin by Areka","Clic clac chokolade","1PE00390"
"1PE003","Clic Clac tin by Areka","Clic clac chokolade","1PE00391"
"1PE003","Clic Clac tin by Areka","Clic clac chokolade","1PE00392"
"1PE003","Clic Clac tin by Areka","Clic clac chokolade","1PE00393"
"1PE003","Clic Clac tin by Areka","Clic clac chokolade","1PE00394"
"1PE003","Clic Clac tin by Areka","Clic clac chokolade","1PE00395"
"1PE003","Clic Clac tin by Areka","Clic clac chokolade","1PE00396"
"1PE003","Clic Clac tin by Areka","Clic clac chokolade","1PE00397"
"1PE003","Clic Clac tin by Areka","Clic clac chokolade","1PE00398"
"1PE004","Clic Clac tin by Areka","Clic clac bolsjer med frugtsmag","1PE00401"
"1PE004","Clic Clac tin by Areka","Clic clac bolsjer med frugtsmag","1PE00411"
"1PE004","Clic Clac tin by Areka","Clic clac bolsjer med frugtsmag","1PE00414"
"1PE004","Clic Clac tin by Areka","Clic clac bolsjer med frugtsmag","1PE00421"
"1PE004","Clic Clac tin by Areka","Clic clac bolsjer med frugtsmag","1PE00431"
"1PE004","Clic Clac tin by Areka","Clic clac bolsjer med frugtsmag","1PE00450"
"1PE004","Clic Clac tin by Areka","Clic clac bolsjer med frugtsmag","1PE00452"
"1PE004","Clic Clac tin by Areka","Clic clac bolsjer med frugtsmag","1PE00461"
"1PE004","Clic Clac tin by Areka","Clic clac bolsjer med frugtsmag","1PE00481"
"1PE004","Clic Clac tin by Areka","Clic clac bolsjer med frugtsmag","1PE00482"
"1PE004","Clic Clac tin by Areka","Clic clac bolsjer med frugtsmag","1PE00490"
"1PE004","Clic Clac tin by Areka","Clic clac bolsjer med frugtsmag","1PE00491"
"1PE004","Clic Clac tin by Areka","Clic clac bolsjer med frugtsmag","1PE00492"
"1PE004","Clic Clac tin by Areka","Clic clac bolsjer med frugtsmag","1PE00493"
"1PE004","Clic Clac tin by Areka","Clic clac bolsjer med frugtsmag","1PE00494"
"1PE004","Clic Clac tin by Areka","Clic clac bolsjer med frugtsmag","1PE00495"
"1PE004","Clic Clac tin by Areka","Clic clac bolsjer med frugtsmag","1PE00496"
"1PE004","Clic Clac tin by Areka","Clic clac bolsjer med frugtsmag","1PE00497"
"1PE004","Clic Clac tin by Areka","Clic clac bolsjer med frugtsmag","1PE00498"
"1PE007","Clic Clac tin by Areka","Clic clac slik med citron- og mintsmag","1PE00701"
"1PE007","Clic Clac tin by Areka","Clic clac slik med citron- og mintsmag","1PE00711"
"1PE007","Clic Clac tin by Areka","Clic clac slik med citron- og mintsmag","1PE00714"
"1PE007","Clic Clac tin by Areka","Clic clac slik med citron- og mintsmag","1PE00721"
"1PE007","Clic Clac tin by Areka","Clic clac slik med citron- og mintsmag","1PE00731"
"1PE007","Clic Clac tin by Areka","Clic clac slik med citron- og mintsmag","1PE00750"
"1PE007","Clic Clac tin by Areka","Clic clac slik med citron- og mintsmag","1PE00752"
"1PE007","Clic Clac tin by Areka","Clic clac slik med citron- og mintsmag","1PE00761"
"1PE007","Clic Clac tin by Areka","Clic clac slik med citron- og mintsmag","1PE00781"
"1PE007","Clic Clac tin by Areka","Clic clac slik med citron- og mintsmag","1PE00782"
"1PE007","Clic Clac tin by Areka","Clic clac slik med citron- og mintsmag","1PE00790"
"1PE007","Clic Clac tin by Areka","Clic clac slik med citron- og mintsmag","1PE00791"
"1PE007","Clic Clac tin by Areka","Clic clac slik med citron- og mintsmag","1PE00792"
"1PE007","Clic Clac tin by Areka","Clic clac slik med citron- og mintsmag","1PE00793"
"1PE007","Clic Clac tin by Areka","Clic clac slik med citron- og mintsmag","1PE00794"
"1PE007","Clic Clac tin by Areka","Clic clac slik med citron- og mintsmag","1PE00795"
"1PE007","Clic Clac tin by Areka","Clic clac slik med citron- og mintsmag","1PE00796"
"1PE007","Clic Clac tin by Areka","Clic clac slik med citron- og mintsmag","1PE00797"
"1PE007","Clic Clac tin by Areka","Clic clac slik med citron- og mintsmag","1PE00798"
"1PI001","Unbranded","Tubyard tube lanyard af genvundet plast","1PI00101"
"1PI001","Unbranded","Tubyard tube lanyard af genvundet plast","1PI00111"
"1PI001","Unbranded","Tubyard tube lanyard af genvundet plast","1PI00121"
"1PI001","Unbranded","Tubyard tube lanyard af genvundet plast","1PI00122"
"1PI001","Unbranded","Tubyard tube lanyard af genvundet plast","1PI00130"
"1PI001","Unbranded","Tubyard tube lanyard af genvundet plast","1PI00131"
"1PI001","Unbranded","Tubyard tube lanyard af genvundet plast","1PI00135"
"1PI001","Unbranded","Tubyard tube lanyard af genvundet plast","1PI00137"
"1PI001","Unbranded","Tubyard tube lanyard af genvundet plast","1PI00141"
"1PI001","Unbranded","Tubyard tube lanyard af genvundet plast","1PI00150"
"1PI001","Unbranded","Tubyard tube lanyard af genvundet plast","1PI00151"
"1PI001","Unbranded","Tubyard tube lanyard af genvundet plast","1PI00152"
"1PI001","Unbranded","Tubyard tube lanyard af genvundet plast","1PI00155"
"1PI001","Unbranded","Tubyard tube lanyard af genvundet plast","1PI00160"
"1PI001","Unbranded","Tubyard tube lanyard af genvundet plast","1PI00161"
"1PI001","Unbranded","Tubyard tube lanyard af genvundet plast","1PI00163"
"1PI001","Unbranded","Tubyard tube lanyard af genvundet plast","1PI00171"
"1PI001","Unbranded","Tubyard tube lanyard af genvundet plast","1PI00172"
"1PI001","Unbranded","Tubyard tube lanyard af genvundet plast","1PI00182"
"1PI001","Unbranded","Tubyard tube lanyard af genvundet plast","1PI00190"
"1PI002","Unbranded","Tubyard lanyard med elastisk tube","1PI00201"
"1PI002","Unbranded","Tubyard lanyard med elastisk tube","1PI00211"
"1PI002","Unbranded","Tubyard lanyard med elastisk tube","1PI00221"
"1PI002","Unbranded","Tubyard lanyard med elastisk tube","1PI00222"
"1PI002","Unbranded","Tubyard lanyard med elastisk tube","1PI00230"
"1PI002","Unbranded","Tubyard lanyard med elastisk tube","1PI00231"
"1PI002","Unbranded","Tubyard lanyard med elastisk tube","1PI00235"
"1PI002","Unbranded","Tubyard lanyard med elastisk tube","1PI00237"
"1PI002","Unbranded","Tubyard lanyard med elastisk tube","1PI00241"
"1PI002","Unbranded","Tubyard lanyard med elastisk tube","1PI00250"
"1PI002","Unbranded","Tubyard lanyard med elastisk tube","1PI00251"
"1PI002","Unbranded","Tubyard lanyard med elastisk tube","1PI00252"
"1PI002","Unbranded","Tubyard lanyard med elastisk tube","1PI00255"
"1PI002","Unbranded","Tubyard lanyard med elastisk tube","1PI00260"
"1PI002","Unbranded","Tubyard lanyard med elastisk tube","1PI00261"
"1PI002","Unbranded","Tubyard lanyard med elastisk tube","1PI00263"
"1PI002","Unbranded","Tubyard lanyard med elastisk tube","1PI00271"
"1PI002","Unbranded","Tubyard lanyard med elastisk tube","1PI00272"
"1PI002","Unbranded","Tubyard lanyard med elastisk tube","1PI00282"
"1PI002","Unbranded","Tubyard lanyard med elastisk tube","1PI00290"
"1PI003","Unbranded","Tubyard lanyard med telefonholder og tube af genvundet plast","1PI00301"
"1PI003","Unbranded","Tubyard lanyard med telefonholder og tube af genvundet plast","1PI00311"
"1PI003","Unbranded","Tubyard lanyard med telefonholder og tube af genvundet plast","1PI00321"
"1PI003","Unbranded","Tubyard lanyard med telefonholder og tube af genvundet plast","1PI00322"
"1PI003","Unbranded","Tubyard lanyard med telefonholder og tube af genvundet plast","1PI00330"
"1PI003","Unbranded","Tubyard lanyard med telefonholder og tube af genvundet plast","1PI00331"
"1PI003","Unbranded","Tubyard lanyard med telefonholder og tube af genvundet plast","1PI00335"
"1PI003","Unbranded","Tubyard lanyard med telefonholder og tube af genvundet plast","1PI00337"
"1PI003","Unbranded","Tubyard lanyard med telefonholder og tube af genvundet plast","1PI00341"
"1PI003","Unbranded","Tubyard lanyard med telefonholder og tube af genvundet plast","1PI00350"
"1PI003","Unbranded","Tubyard lanyard med telefonholder og tube af genvundet plast","1PI00351"
"1PI003","Unbranded","Tubyard lanyard med telefonholder og tube af genvundet plast","1PI00352"
"1PI003","Unbranded","Tubyard lanyard med telefonholder og tube af genvundet plast","1PI00355"
"1PI003","Unbranded","Tubyard lanyard med telefonholder og tube af genvundet plast","1PI00360"
"1PI003","Unbranded","Tubyard lanyard med telefonholder og tube af genvundet plast","1PI00361"
"1PI003","Unbranded","Tubyard lanyard med telefonholder og tube af genvundet plast","1PI00363"
"1PI003","Unbranded","Tubyard lanyard med telefonholder og tube af genvundet plast","1PI00371"
"1PI003","Unbranded","Tubyard lanyard med telefonholder og tube af genvundet plast","1PI00372"
"1PI003","Unbranded","Tubyard lanyard med telefonholder og tube af genvundet plast","1PI00382"
"1PI003","Unbranded","Tubyard lanyard med telefonholder og tube af genvundet plast","1PI00390"
"1PI004","Unbranded","Tubyard lanyard med telefonholder og elastisk tube","1PI00401"
"1PI004","Unbranded","Tubyard lanyard med telefonholder og elastisk tube","1PI00411"
"1PI004","Unbranded","Tubyard lanyard med telefonholder og elastisk tube","1PI00421"
"1PI004","Unbranded","Tubyard lanyard med telefonholder og elastisk tube","1PI00422"
"1PI004","Unbranded","Tubyard lanyard med telefonholder og elastisk tube","1PI00430"
"1PI004","Unbranded","Tubyard lanyard med telefonholder og elastisk tube","1PI00431"
"1PI004","Unbranded","Tubyard lanyard med telefonholder og elastisk tube","1PI00435"
"1PI004","Unbranded","Tubyard lanyard med telefonholder og elastisk tube","1PI00437"
"1PI004","Unbranded","Tubyard lanyard med telefonholder og elastisk tube","1PI00441"
"1PI004","Unbranded","Tubyard lanyard med telefonholder og elastisk tube","1PI00450"
"1PI004","Unbranded","Tubyard lanyard med telefonholder og elastisk tube","1PI00451"
"1PI004","Unbranded","Tubyard lanyard med telefonholder og elastisk tube","1PI00452"
"1PI004","Unbranded","Tubyard lanyard med telefonholder og elastisk tube","1PI00455"
"1PI004","Unbranded","Tubyard lanyard med telefonholder og elastisk tube","1PI00460"
"1PI004","Unbranded","Tubyard lanyard med telefonholder og elastisk tube","1PI00461"
"1PI004","Unbranded","Tubyard lanyard med telefonholder og elastisk tube","1PI00463"
"1PI004","Unbranded","Tubyard lanyard med telefonholder og elastisk tube","1PI00471"
"1PI004","Unbranded","Tubyard lanyard med telefonholder og elastisk tube","1PI00472"
"1PI004","Unbranded","Tubyard lanyard med telefonholder og elastisk tube","1PI00482"
"1PI004","Unbranded","Tubyard lanyard med telefonholder og elastisk tube","1PI00490"
"1PL001","Unbranded","Lana sublimation lanyard","1PL0010C"
"1PL001","Unbranded","Lana sublimation lanyard","1PL0010F"
"1PL001","Unbranded","Lana sublimation lanyard","1PL0010G"
"1PL001","Unbranded","Lana sublimation lanyard","1PL0010H"
"1PL003","Unbranded","Bucks sublimation lanyard med stikspænde","1PL0030C"
"1PL003","Unbranded","Bucks sublimation lanyard med stikspænde","1PL0030F"
"1PL003","Unbranded","Bucks sublimation lanyard med stikspænde","1PL0030G"
"1PL003","Unbranded","Bucks sublimation lanyard med stikspænde","1PL0030H"
"1PL003","Unbranded","Bucks sublimation lanyard med stikspænde","1PL0031F"
"1PL003","Unbranded","Bucks sublimation lanyard med stikspænde","1PL0031G"
"1PL003","Unbranded","Bucks sublimation lanyard med stikspænde","1PL0031H"
"1PL005","Unbranded","Addie sublimation lanyard med sikkerhedsspænde","1PL0050C"
"1PL005","Unbranded","Addie sublimation lanyard med sikkerhedsspænde","1PL0050F"
"1PL005","Unbranded","Addie sublimation lanyard med sikkerhedsspænde","1PL0050G"
"1PL005","Unbranded","Addie sublimation lanyard med sikkerhedsspænde","1PL0050H"
"1PL005","Unbranded","Addie sublimation lanyard med sikkerhedsspænde","1PL0051F"
"1PL005","Unbranded","Addie sublimation lanyard med sikkerhedsspænde","1PL0051G"
"1PL005","Unbranded","Addie sublimation lanyard med sikkerhedsspænde","1PL0051H"
"1PL007","Unbranded","Balta sublimation lanyard med sikkerhedsspænde og stikspænde","1PL0070C"
"1PL007","Unbranded","Balta sublimation lanyard med sikkerhedsspænde og stikspænde","1PL0070F"
"1PL007","Unbranded","Balta sublimation lanyard med sikkerhedsspænde og stikspænde","1PL0070G"
"1PL007","Unbranded","Balta sublimation lanyard med sikkerhedsspænde og stikspænde","1PL0070H"
"1PL007","Unbranded","Balta sublimation lanyard med sikkerhedsspænde og stikspænde","1PL0071F"
"1PL007","Unbranded","Balta sublimation lanyard med sikkerhedsspænde og stikspænde","1PL0071G"
"1PL007","Unbranded","Balta sublimation lanyard med sikkerhedsspænde og stikspænde","1PL0071H"
"1PL011","Unbranded","Mini sublimation lanyard","1PL0110F"
"1PL011","Unbranded","Mini sublimation lanyard","1PL0110G"
"1PL011","Unbranded","Mini sublimation lanyard","1PL0110H"
"1PL012","Unbranded","Minik sublimation nøglering","1PL0120F"
"1PL012","Unbranded","Minik sublimation nøglering","1PL0120G"
"1PL012","Unbranded","Minik sublimation nøglering","1PL0120H"
"1PL013","Unbranded","Evi sublimation festivalarmbånd metal","1PL01301"
"1PL014","Unbranded","El sublimation festivalarmbånd","1PL01401"
"1PL014","Unbranded","El sublimation festivalarmbånd","1PL01402"
"1PL014","Unbranded","El sublimation festivalarmbånd","1PL01403"
"1PL014","Unbranded","El sublimation festivalarmbånd","1PL01404"
"1PL014","Unbranded","El sublimation festivalarmbånd","1PL01405"
"1PL014","Unbranded","El sublimation festivalarmbånd","1PL01406"
"1PL014","Unbranded","El sublimation festivalarmbånd","1PL01407"
"1PL014","Unbranded","El sublimation festivalarmbånd","1PL01408"
"1PL015","Unbranded","Luuc sublimation bagagebælte","1PL01501"
"1PL016","Unbranded","Caro fuldfarvet pudseklud små","1PL01601"
"1PL017","Unbranded","Cori sublimations pudseklud large","1PL01602"
"1PL022","Unbranded","Sublimations bandana 145 g/m²","1PL02201"
"1PL028","Unbranded","Evi recycled PET festivalarmbånd med metallukning","1PL02801"
"1PL029","Unbranded","El recycled PET festival armbånd ","1PL02901"
"1PL029","Unbranded","El recycled PET festival armbånd ","1PL02990"
"1PL030","Unbranded","Luuc recycled PET bagagebælte","1PL03001"
"1PL031","Unbranded","Caro lille rengøringsklud af genvundet PET","1PL03101"
"1PL032","Unbranded","Cori stor rengøringsklud af genvundet PET","1PL03201"
"1PL036","Unbranded","Grønsagspose af genvundet polyester 25x32 cm","1PL03601"
"1PL037","Unbranded","Grønsagspose af genvundet polyester 30x41 cm ","1PL03701"
"1PL04","Unbranded","Lana recycled PET lanyard ","1PL0401C"
"1PL04","Unbranded","Lana recycled PET lanyard ","1PL0401F"
"1PL04","Unbranded","Lana recycled PET lanyard ","1PL0401G"
"1PL04","Unbranded","Lana recycled PET lanyard ","1PL0401H"
"1PL045","Unbranded","Sæt med 3 grøntsagsposer af genvundet polyester","1PL04501"
"1PL046","Unbranded","Ivy pandebånd med sublimationstryk ","1PL04601"
"1PL047","Unbranded","Lily Pandebånd i RPET med sublimationstryk","1PL04701"
"1PL048","Unbranded","Emma Pandebånd af RPET med fleece og sublimationstryk","1PL04801"
"1PL048","Unbranded","Emma Pandebånd af RPET med fleece og sublimationstryk","1PL04855"
"1PL048","Unbranded","Emma Pandebånd af RPET med fleece og sublimationstryk","1PL04864"
"1PL048","Unbranded","Emma Pandebånd af RPET med fleece og sublimationstryk","1PL04884"
"1PL048","Unbranded","Emma Pandebånd af RPET med fleece og sublimationstryk","1PL04890"
"1PL049","Unbranded","Ella pandebånd med sublimationstryk og Coolmax®","1PL04901"
"1PL051","Unbranded","Sublimation snørebånd","1PL05101"
"1PL055","Unbranded","Alice 145 g/m² bandana i RPET med sublimationstryk ","1PL05501"
"1PL056","Unbranded","Zoey 190 g/m² bandana med sublimationstryk ","1PL05601"
"1PL057","Unbranded","Lara bandana med sublimationstryk, lag og kanter af fleece","1PL05701"
"1PL057","Unbranded","Lara bandana med sublimationstryk, lag og kanter af fleece","1PL05755"
"1PL057","Unbranded","Lara bandana med sublimationstryk, lag og kanter af fleece","1PL05764"
"1PL057","Unbranded","Lara bandana med sublimationstryk, lag og kanter af fleece","1PL05784"
"1PL057","Unbranded","Lara bandana med sublimationstryk, lag og kanter af fleece","1PL05790"
"1PL058","Unbranded","Davi bandana med sublimationstryk og Coolmax®","1PL05801"
"1PL059","Unbranded","Mia bandana med sublimationstryk, Coolmax® og kanter","1PL05901"
"1PL06","Unbranded","Bucks recycled PET lanyard med stikspænde","1PL0601C"
"1PL06","Unbranded","Bucks recycled PET lanyard med stikspænde","1PL0601F"
"1PL06","Unbranded","Bucks recycled PET lanyard med stikspænde","1PL0601G"
"1PL06","Unbranded","Bucks recycled PET lanyard med stikspænde","1PL0601H"
"1PL06","Unbranded","Bucks recycled PET lanyard med stikspænde","1PL0690F"
"1PL06","Unbranded","Bucks recycled PET lanyard med stikspænde","1PL0690G"
"1PL06","Unbranded","Bucks recycled PET lanyard med stikspænde","1PL0690H"
"1PL062","Unbranded","Isla recycled PET lanyard på 1 meter med sublimationstryk og sikkerhedsspænde","1PL06200"
"1PL062","Unbranded","Isla recycled PET lanyard på 1 meter med sublimationstryk og sikkerhedsspænde","1PL06201"
"1PL062","Unbranded","Isla recycled PET lanyard på 1 meter med sublimationstryk og sikkerhedsspænde","1PL06250"
"1PL063","Unbranded","Zoya bandana i RPET med sublimationstryk og med for samt kanter af fleece ","1PL06301"
"1PL063","Unbranded","Zoya bandana i RPET med sublimationstryk og med for samt kanter af fleece ","1PL06355"
"1PL063","Unbranded","Zoya bandana i RPET med sublimationstryk og med for samt kanter af fleece ","1PL06364"
"1PL063","Unbranded","Zoya bandana i RPET med sublimationstryk og med for samt kanter af fleece ","1PL06384"
"1PL063","Unbranded","Zoya bandana i RPET med sublimationstryk og med for samt kanter af fleece ","1PL06390"
"1PL065","Unbranded","Lune sovebrille","1PL06501"
"1PL066","Unbranded","Luna sovebrille med lavendelfyld ","1PL06601"
"1PL067","Unbranded","Lyle 330 ml dåse etui med sublimation","1PL06701"
"1PL068","Unbranded","Adia 500 ml dåse etui med sublimation","1PL06801"
"1PL069","Unbranded","Ari rejsetaske af RPET med sublimation - small","1PL06901"
"1PL069","Unbranded","Ari rejsetaske af RPET med sublimation - small","1PL06990"
"1PL070","Unbranded","Arlo rejsetaske i RPET med sublimation - medium ","1PL07001"
"1PL070","Unbranded","Arlo rejsetaske i RPET med sublimation - medium ","1PL07090"
"1PL071","Unbranded","Ayla rejsetaske i RPET med sublimation - large","1PL07101"
"1PL071","Unbranded","Ayla rejsetaske i RPET med sublimation - large","1PL07190"
"1PL072","Unbranded","Cal skopose med sublimation","1PL07201"
"1PL072","Unbranded","Cal skopose med sublimation","1PL07290"
"1PL073","Unbranded","Clif skopose i RPET og med sublimation","1PL07301"
"1PL073","Unbranded","Clif skopose i RPET og med sublimation","1PL07390"
"1PL074","Unbranded","Edy 105 g/m2 foldbar mulepose af RPET med sublimation ","1PL07401"
"1PL075","Unbranded","Etta foldbar mulepose med sublimation med 300 g/m2.","1PL07501"
"1PL076","Unbranded","Mari 15""-16"" sublimation sleeve til bærbar","1PL07601"
"1PL076","Unbranded","Mari 15""-16"" sublimation sleeve til bærbar","1PL07690"
"1PL077","Unbranded","Mila 17"" sublimation sleeve til bærbar ","1PL07701"
"1PL077","Unbranded","Mila 17"" sublimation sleeve til bærbar ","1PL07790"
"1PL078","Unbranded","Sublimation træningselastik - let","1PL07801"
"1PL079","Unbranded","Træningselastik med sublimation - medium","1PL07901"
"1PL08","Unbranded","Addie recycled PET lanyard med sikkerhedsspænde","1PL0801C"
"1PL08","Unbranded","Addie recycled PET lanyard med sikkerhedsspænde","1PL0801F"
"1PL08","Unbranded","Addie recycled PET lanyard med sikkerhedsspænde","1PL0801G"
"1PL08","Unbranded","Addie recycled PET lanyard med sikkerhedsspænde","1PL0801H"
"1PL08","Unbranded","Addie recycled PET lanyard med sikkerhedsspænde","1PL0890F"
"1PL08","Unbranded","Addie recycled PET lanyard med sikkerhedsspænde","1PL0890G"
"1PL08","Unbranded","Addie recycled PET lanyard med sikkerhedsspænde","1PL0890H"
"1PL080","Unbranded","Træningselastik med sublimation - stærkt","1PL08001"
"1PL081","Unbranded","Daisy let sublimations håndklæde 70 x 140 cm","1PL08101"
"1PL082","Unbranded","Haldi let RPET sublimations håndklæde 70 x 140 cm","1PL08201"
"1PL083","Unbranded","Tulsi let sublimations håndklæde 90 x 150 cm","1PL08301"
"1PL084","Unbranded","Azolla let RPET sublimations håndklæde 90 x 150 cm","1PL08401"
"1PL085","Unbranded","Floret let sublimations håndklæde 50 x 100 cm","1PL08501"
"1PL086","Unbranded","Petal let RPET sublimations håndklæde 50 x 100 cm","1PL08601"
"1PL087","Unbranded","Kousa let sublimations håndklæde 30 x 50 cm","1PL08701"
"1PL088","Unbranded","Juni let RPET sublimations håndklæde 30 x 50 cm","1PL08801"
"1PL089","Unbranded","Liv justerbar lanyard med sublimation","1PL08901"
"1PL089","Unbranded","Liv justerbar lanyard med sublimation","1PL08990"
"1PL090","Unbranded","Liv justerbar lanyard med sublimation af RPET","1PL09001"
"1PL091","Unbranded","Ava rørformet lanyard med sublimation","1PL09101"
"1PL092","Unbranded","Lian lanyard med sublimation og flaskeholder","1PL09290"
"1PL093","Unbranded","Lian lanyard af RPET med sublimationstryk og flaskeholder","1PL09390"
"1PL094","Unbranded","Etta telefonpose med sublimation","1PL09401"
"1PL094","Unbranded","Etta telefonpose med sublimation","1PL09490"
"1PL095","Unbranded","Etta telefonpose i RPET med sublimation","1PL09501"
"1PL095","Unbranded","Etta telefonpose i RPET med sublimation","1PL09590"
"1PL096","Unbranded","Ekki penalhus af RPET med sublimation","1PL09601"
"1PL096","Unbranded","Ekki penalhus af RPET med sublimation","1PL09690"
"1PL099","Unbranded","Leif lanyard med karabinhage i RPET med sublimation","1PL09901"
"1PL10","Unbranded","Balta recycled PET lanyard med sikkerhedsspænde og stikspænde","1PL1001C"
"1PL10","Unbranded","Balta recycled PET lanyard med sikkerhedsspænde og stikspænde","1PL1001F"
"1PL10","Unbranded","Balta recycled PET lanyard med sikkerhedsspænde og stikspænde","1PL1001G"
"1PL10","Unbranded","Balta recycled PET lanyard med sikkerhedsspænde og stikspænde","1PL1001H"
"1PL10","Unbranded","Balta recycled PET lanyard med sikkerhedsspænde og stikspænde","1PL1090F"
"1PL10","Unbranded","Balta recycled PET lanyard med sikkerhedsspænde og stikspænde","1PL1090G"
"1PL10","Unbranded","Balta recycled PET lanyard med sikkerhedsspænde og stikspænde","1PL1090H"
"1PL100","Unbranded","Uni bærerem til yogamåtte med sublimation","1PL10001"
"1PL101","Unbranded","Uni bærerem til yogamåtte af RPET med sublimation","1PL10101"
"1PL104","Unbranded","Gaby RPET mini lanyard med sublimationstryk og telefonholder","1PL10401"
"1PL106","Unbranded","Sole sæt med to poser med lavendelduft","1PL10601"
"1PL107","Unbranded","Misa musemåtte med sublimation","1PL10701"
"1PL108","Unbranded","Mina håndledspude til tastatur med sublimation","1PL10801"
"1PL109","Unbranded","Tidy RPET lynlåspose med sublimation","1PL10901"
"1PL11","Unbranded","Leia lanyard i RPET med sublimationstryk og to karabinlåse","1PL1101C"
"1PL11","Unbranded","Leia lanyard i RPET med sublimationstryk og to karabinlåse","1PL1101F"
"1PL11","Unbranded","Leia lanyard i RPET med sublimationstryk og to karabinlåse","1PL1101G"
"1PL11","Unbranded","Leia lanyard i RPET med sublimationstryk og to karabinlåse","1PL1101H"
"1PL110","Unbranded","Lyra justerbart lanyard med telefonholder og sublimation","1PL11001"
"1PL111","Unbranded","Lyra justerbart RPET lanyard med telefonholder og sublimation","1PL11101"
"1PL112","Unbranded","Givo sublimeringspose – 15 x 10 cm","1PL11201"
"1PL113","Unbranded","Givo sublimeringspose – 25 x 30 cm","1PL11301"
"1PL114","Unbranded","Mylo 17"" laptop sleeve med sublimationstryk","1PL11401"
"1PL115","Unbranded","Mavi tablet sleeve med sublimationstryk","1PL11501"
"1PL116","Unbranded","Milt sublimations forklæde","1PL11601"
"1PL117","Unbranded","Mact sublimations mulepose","1PL11701"
"1PL118","Unbranded","Spur halstørklæde med sublimations tryk","1PL11801"
"1PL12","Unbranded","Lois lanyard af RPET med sublimationstryk og et sikkerhedsspænde","1PL1201C"
"1PL12","Unbranded","Lois lanyard af RPET med sublimationstryk og et sikkerhedsspænde","1PL1201F"
"1PL12","Unbranded","Lois lanyard af RPET med sublimationstryk og et sikkerhedsspænde","1PL1201G"
"1PL12","Unbranded","Lois lanyard af RPET med sublimationstryk og et sikkerhedsspænde","1PL1201H"
"1PL14","Unbranded","Liam hue med sublimationstryk ","1PL14011"
"1PL14","Unbranded","Liam hue med sublimationstryk ","1PL14012"
"1PL14","Unbranded","Liam hue med sublimationstryk ","1PL14013"
"1PL15","Unbranded","Elian hue i RPET med sublimationstryk","1PL15011"
"1PL15","Unbranded","Elian hue i RPET med sublimationstryk","1PL15012"
"1PL15","Unbranded","Elian hue i RPET med sublimationstryk","1PL15013"
"1PL16","Unbranded","Loki hue i RPET med sublimationstryk og et lag af fleece","1PL16011"
"1PL16","Unbranded","Loki hue i RPET med sublimationstryk og et lag af fleece","1PL16012"
"1PL16","Unbranded","Loki hue i RPET med sublimationstryk og et lag af fleece","1PL16013"
"1PL16","Unbranded","Loki hue i RPET med sublimationstryk og et lag af fleece","1PL16551"
"1PL16","Unbranded","Loki hue i RPET med sublimationstryk og et lag af fleece","1PL16552"
"1PL16","Unbranded","Loki hue i RPET med sublimationstryk og et lag af fleece","1PL16553"
"1PL16","Unbranded","Loki hue i RPET med sublimationstryk og et lag af fleece","1PL16641"
"1PL16","Unbranded","Loki hue i RPET med sublimationstryk og et lag af fleece","1PL16642"
"1PL16","Unbranded","Loki hue i RPET med sublimationstryk og et lag af fleece","1PL16643"
"1PL16","Unbranded","Loki hue i RPET med sublimationstryk og et lag af fleece","1PL16841"
"1PL16","Unbranded","Loki hue i RPET med sublimationstryk og et lag af fleece","1PL16842"
"1PL16","Unbranded","Loki hue i RPET med sublimationstryk og et lag af fleece","1PL16843"
"1PL16","Unbranded","Loki hue i RPET med sublimationstryk og et lag af fleece","1PL16901"
"1PL16","Unbranded","Loki hue i RPET med sublimationstryk og et lag af fleece","1PL16902"
"1PL16","Unbranded","Loki hue i RPET med sublimationstryk og et lag af fleece","1PL16903"
"1PL17","Unbranded","Leia hue med sublimationstryk og Coolmax®","1PL17011"
"1PL17","Unbranded","Leia hue med sublimationstryk og Coolmax®","1PL17012"
"1PL17","Unbranded","Leia hue med sublimationstryk og Coolmax®","1PL17013"
"1PL18","Unbranded","Sublimation pude med kirsebærsten","1PL18012"
"1PL18","Unbranded","Sublimation pude med kirsebærsten","1PL18013"
"1PL19","Unbranded","Sublimation pude med sennepsfrø","1PL19012"
"1PL19","Unbranded","Sublimation pude med sennepsfrø","1PL19013"
"1PL20","Unbranded","Sublimation pude med hørfrø","1PL20012"
"1PL20","Unbranded","Sublimation pude med hørfrø","1PL20013"
"1PL21","Unbranded","Neve lanyard med løkke og sublimation","1PL2101G"
"1PL21","Unbranded","Neve lanyard med løkke og sublimation","1PL2101H"
"1PL21","Unbranded","Neve lanyard med løkke og sublimation","1PL2190G"
"1PL21","Unbranded","Neve lanyard med løkke og sublimation","1PL2190H"
"1PL22","Unbranded","Addie lanyard med sublimation med holder til telefon og sikkerhedslås","1PL2201F"
"1PL22","Unbranded","Addie lanyard med sublimation med holder til telefon og sikkerhedslås","1PL2201G"
"1PL22","Unbranded","Addie lanyard med sublimation med holder til telefon og sikkerhedslås","1PL2201H"
"1PL22","Unbranded","Addie lanyard med sublimation med holder til telefon og sikkerhedslås","1PL2290C"
"1PL22","Unbranded","Addie lanyard med sublimation med holder til telefon og sikkerhedslås","1PL2290F"
"1PL22","Unbranded","Addie lanyard med sublimation med holder til telefon og sikkerhedslås","1PL2290G"
"1PL22","Unbranded","Addie lanyard med sublimation med holder til telefon og sikkerhedslås","1PL2290H"
"1PL23","Unbranded","Addie lanyard af RPET med sublimation med holder til telefon og sikkerhedslås","1PL2301G"
"1PL23","Unbranded","Addie lanyard af RPET med sublimation med holder til telefon og sikkerhedslås","1PL2301H"
"1PL23","Unbranded","Addie lanyard af RPET med sublimation med holder til telefon og sikkerhedslås","1PL2390F"
"1PL23","Unbranded","Addie lanyard af RPET med sublimation med holder til telefon og sikkerhedslås","1PL2390G"
"1PL23","Unbranded","Addie lanyard af RPET med sublimation med holder til telefon og sikkerhedslås","1PL2390H"
"1PL24","Unbranded","Kord lanyard med papir ID kort ","1PL2401G"
"1PL25","Unbranded","Kord RPET lanyard med papirskilt ","1PL2501G"
"1PQ001","Unbranded","Kraftpapirpose med twistede håndtag 80 g/m2 - 18 x 8 x 21 cm","1PQ00101"
"1PQ001","Unbranded","Kraftpapirpose med twistede håndtag 80 g/m2 - 18 x 8 x 21 cm","1PQ00106"
"1PQ002","Unbranded","Kraftpapirpose med twistede håndtag 80 g/m2 - 25 x 11 x 32 cm","1PQ00201"
"1PQ002","Unbranded","Kraftpapirpose med twistede håndtag 80 g/m2 - 25 x 11 x 32 cm","1PQ00206"
"1PQ003","Unbranded","Kraftpapirpose med flade håndtag 80-90 g/m2 - 25 x 11 x 31 cm","1PQ00301"
"1PQ003","Unbranded","Kraftpapirpose med flade håndtag 80-90 g/m2 - 25 x 11 x 31 cm","1PQ00306"
"1PQ004","Unbranded","Kraftpapirpose med twistede håndtag 80-90 g/m2 - 32 x 12 x 40 cm","1PQ00401"
"1PQ004","Unbranded","Kraftpapirpose med twistede håndtag 80-90 g/m2 - 32 x 12 x 40 cm","1PQ00406"
"1PQ005","Unbranded","Kraftpapirpose med flade håndtag 80-90 g/m2 - 32 x 12 x 40 cm","1PQ00501"
"1PQ005","Unbranded","Kraftpapirpose med flade håndtag 80-90 g/m2 - 32 x 12 x 40 cm","1PQ00506"
"1PQ006","Unbranded","Kraftpapirpose med twistede håndtag 80-90 g/m2 - 34 x 20 x 35 cm","1PQ00601"
"1PQ006","Unbranded","Kraftpapirpose med twistede håndtag 80-90 g/m2 - 34 x 20 x 35 cm","1PQ00606"
"1PQ007","Unbranded","Kraftpapirpose med flade håndtag 80-90 g/m2 - 34 x 20 x 35 cm","1PQ00701"
"1PQ007","Unbranded","Kraftpapirpose med flade håndtag 80-90 g/m2 - 34 x 20 x 35 cm","1PQ00706"
"1PQ008","Unbranded","Kraftpapirpose med twistede håndtag 90-100 g/m2 - 49,5 x 14 x 44 cm","1PQ00801"
"1PQ008","Unbranded","Kraftpapirpose med twistede håndtag 90-100 g/m2 - 49,5 x 14 x 44 cm","1PQ00806"
"1PQ009","Unbranded","Kraftpapirpose med flade håndtag 90-100 g/m2 - 49,5 x 14 x 44 cm","1PQ00901"
"1PQ009","Unbranded","Kraftpapirpose med flade håndtag 90-100 g/m2 - 49,5 x 14 x 44 cm","1PQ00906"
"1PQ010","Unbranded","Kraft papirpose på 80-90 g/m2 med snoede hanke - 32 x 17 x 39 cm","1PQ01001"
"1PQ010","Unbranded","Kraft papirpose på 80-90 g/m2 med snoede hanke - 32 x 17 x 39 cm","1PQ01006"
"1PQ011","Unbranded","Kraft papirpose på 80-90 g/m2 med flade håndtag - 32 x 17 x 39 cm","1PQ01101"
"1PQ011","Unbranded","Kraft papirpose på 80-90 g/m2 med flade håndtag - 32 x 17 x 39 cm","1PQ01106"
"1PQ012","Unbranded","Kraft papirpose på 80 g/m2 med flade håndtag - 25 x 15 x 32 cm","1PQ01201"
"1PQ012","Unbranded","Kraft papirpose på 80 g/m2 med flade håndtag - 25 x 15 x 32 cm","1PQ01206"
"1PQ013","Unbranded","Kraft papirpose på 80-90 g/m2 med snoede håndtag - 25 x 15 x 32 cm","1PQ01301"
"1PQ013","Unbranded","Kraft papirpose på 80-90 g/m2 med snoede håndtag - 25 x 15 x 32 cm","1PQ01306"
"1PR001","RFX™","RFX™ 34 cm reflekterende slap wrap i PVC","1PR00101"
"1PR001","RFX™","RFX™ 34 cm reflekterende slap wrap i PVC","1PR00106"
"1PR002","RFX™","RFX™ 38 cm reflekterende slap wrap i PVC","1PR00201"
"1PR002","RFX™","RFX™ 38 cm reflekterende slap wrap i PVC","1PR00206"
"1PR003","RFX™","RFX™ 44 cm reflekterende slap wrap i PVC","1PR00301"
"1PR003","RFX™","RFX™ 44 cm reflekterende slap wrap i PVC","1PR00306"
"1PR006","RFX™","RFX™ H-12 Reflekterende hængende spøgelse i PVC","1PR00601"
"1PR006","RFX™","RFX™ H-12 Reflekterende hængende spøgelse i PVC","1PR00606"
"1PR007","RFX™","Reflekterende hængende bus","1PR00701"
"1PR007","RFX™","Reflekterende hængende bus","1PR00706"
"1PR008","RFX™","RFX™ H-12 Reflekterende hængende bil i PVC","1PR00801"
"1PR008","RFX™","RFX™ H-12 Reflekterende hængende bil i PVC","1PR00806"
"1PR009","RFX™","RFX™ H-12 Reflekterende hængende fisk i PVC","1PR00901"
"1PR009","RFX™","RFX™ H-12 Reflekterende hængende fisk i PVC","1PR00906"
"1PR010","RFX™","RFX™ H-12 Reflekterende hængende oval figur i PVC","1PR01001"
"1PR010","RFX™","RFX™ H-12 Reflekterende hængende oval figur i PVC","1PR01006"
"1PR011","RFX™","RFX™ H-12 Reflekterende hængende trekant  i PVC","1PR01101"
"1PR011","RFX™","RFX™ H-12 Reflekterende hængende trekant  i PVC","1PR01106"
"1PR012","RFX™","RFX™ H-12 Reflekterende hængende frø  i PVC","1PR01201"
"1PR012","RFX™","RFX™ H-12 Reflekterende hængende frø  i PVC","1PR01206"
"1PR013","RFX™","RFX™ H-12 Reflekterende hængende haj i PVC","1PR01301"
"1PR013","RFX™","RFX™ H-12 Reflekterende hængende haj i PVC","1PR01306"
"1PR014","RFX™","RFX™ H-12 Reflekterende hængende hjerte i PVC","1PR01401"
"1PR014","RFX™","RFX™ H-12 Reflekterende hængende hjerte i PVC","1PR01406"
"1PR015","RFX™","RFX™ H-12 Reflekterende hængende sky i PVC","1PR01501"
"1PR015","RFX™","RFX™ H-12 Reflekterende hængende sky i PVC","1PR01506"
"1PR016","RFX™","RFX™ H-12 Reflekterende hængende taleboble i PVC","1PR01601"
"1PR016","RFX™","RFX™ H-12 Reflekterende hængende taleboble i PVC","1PR01606"
"1PR017","RFX™","RFX™ H-12 Reflekterende hængende Uloba i PVC","1PR01701"
"1PR017","RFX™","RFX™ H-12 Reflekterende hængende Uloba i PVC","1PR01706"
"1PR018","RFX™","RFX™ H-12 Reflekterende hængende hus i PVC","1PR01801"
"1PR018","RFX™","RFX™ H-12 Reflekterende hængende hus i PVC","1PR01806"
"1PR019","RFX™","RFX™ H-12 Reflekterende hængende lampe i PVC","1PR01901"
"1PR019","RFX™","RFX™ H-12 Reflekterende hængende lampe i PVC","1PR01906"
"1PR020","RFX™","RFX™ H-12 Reflekterende hængende small cirkel i PVC","1PR02001"
"1PR020","RFX™","RFX™ H-12 Reflekterende hængende small cirkel i PVC","1PR02006"
"1PR021","RFX™","RFX™ H-16 Reflekterende hængende medium cirkel i PVC","1PR02101"
"1PR021","RFX™","RFX™ H-16 Reflekterende hængende medium cirkel i PVC","1PR02106"
"1PR022","RFX™","RFX™ H-12 Reflekterende hængende large cirkel i PVC","1PR02201"
"1PR022","RFX™","RFX™ H-12 Reflekterende hængende large cirkel i PVC","1PR02206"
"1PR023","RFX™","RFX™ H-16 Reflekterende hængende firkant i PVC","1PR02301"
"1PR023","RFX™","RFX™ H-16 Reflekterende hængende firkant i PVC","1PR02306"
"1PR024","RFX™","RFX™ H-16 Reflekterende hængende vest i PVC","1PR02401"
"1PR024","RFX™","RFX™ H-16 Reflekterende hængende vest i PVC","1PR02406"
"1PR025","RFX™","RFX™ H-16 Reflekterende hængende dråbe i PVC","1PR02501"
"1PR025","RFX™","RFX™ H-16 Reflekterende hængende dråbe i PVC","1PR02506"
"1PR026","RFX™","RFX™ H-16 Reflekterende hængende hjerte i PVC","1PR02601"
"1PR026","RFX™","RFX™ H-16 Reflekterende hængende hjerte i PVC","1PR02606"
"1PR028","RFX™","RFX™ H-16 Reflekterende hængende æble i PVC","1PR02801"
"1PR028","RFX™","RFX™ H-16 Reflekterende hængende æble i PVC","1PR02806"
"1PR029","RFX™","RFX™ H-16 Reflekterende hængende hus i PVC","1PR02901"
"1PR029","RFX™","RFX™ H-16 Reflekterende hængende hus i PVC","1PR02906"
"1PR030","RFX™","RFX™ M-10 kvadratisk reflekterende magnet i PVC","1PR03001"
"1PR030","RFX™","RFX™ M-10 kvadratisk reflekterende magnet i PVC","1PR03006"
"1PR031","RFX™","RFX™ M-10 reflekterende small cirkel magnet i PVC","1PR03101"
"1PR031","RFX™","RFX™ M-10 reflekterende small cirkel magnet i PVC","1PR03106"
"1PR032","RFX™","RFX™ S-09 Reflekterende klistermærke spøgelse small i PVC","1PR03201"
"1PR032","RFX™","RFX™ S-09 Reflekterende klistermærke spøgelse small i PVC","1PR03206"
"1PR033","RFX™","RFX™ S-09 Reflekterende klistermærke rund medium i PVC","1PR03301"
"1PR033","RFX™","RFX™ S-09 Reflekterende klistermærke rund medium i PVC","1PR03306"
"1PR034","RFX™","RFX™ S-06 Reflekterende klistermærke rund large i PVC","1PR03401"
"1PR034","RFX™","RFX™ S-06 Reflekterende klistermærke rund large i PVC","1PR03406"
"1PR035","RFX™","RFX™ S-09 Reflekterende klistermærke rund small i PVC","1PR03501"
"1PR035","RFX™","RFX™ S-09 Reflekterende klistermærke rund small i PVC","1PR03506"
"1PR036","RFX™","RFX™ S-12 Reflekterende klistermærke tommelfinger i PVC","1PR03601"
"1PR036","RFX™","RFX™ S-12 Reflekterende klistermærke tommelfinger i PVC","1PR03606"
"1PR037","RFX™","RFX™ S-12 Reflekterende hjelm klistermærke i PVC","1PR03701"
"1PR037","RFX™","RFX™ S-12 Reflekterende hjelm klistermærke i PVC","1PR03706"
"1PR038","RFX™","RFX™ S-12 Reflekterende klistermærke hjerte medium i PVC","1PR03801"
"1PR038","RFX™","RFX™ S-12 Reflekterende klistermærke hjerte medium i PVC","1PR03806"
"1PR039","RFX™","RFX™ S-12 Reflekterende klistermærke hjerte large i PVC","1PR03901"
"1PR039","RFX™","RFX™ S-12 Reflekterende klistermærke hjerte large i PVC","1PR03906"
"1PR040","RFX™","RFX™ S-12 Reflekterende klistermærke med spøgelse medium i PVC","1PR04001"
"1PR040","RFX™","RFX™ S-12 Reflekterende klistermærke med spøgelse medium i PVC","1PR04006"
"1PR041","RFX™","Reflekterende sikkerhedsvest til børn HW1 (XS)","1PR04106"
"1PR042","RFX™","Reflekterende sikkerhedsvest for voksne HW2 (XL)","1PR04206"
"1PR043","RFX™","Reflekterende sikkerhedsvest unisex","1PR0430A"
"1PR043","RFX™","Reflekterende sikkerhedsvest unisex","1PR0430B"
"1PR043","RFX™","Reflekterende sikkerhedsvest unisex","1PR0430C"
"1PR043","RFX™","Reflekterende sikkerhedsvest unisex","1PR0430D"
"1PR043","RFX™","Reflekterende sikkerhedsvest unisex","1PR0430F"
"1PR043","RFX™","Reflekterende sikkerhedsvest unisex","1PR0430G"
"1PR043","RFX™","Reflekterende sikkerhedsvest unisex","1PR0430H"
"1PR043","RFX™","Reflekterende sikkerhedsvest unisex","1PR0430K"
"1PR044","RFX™","RFX™ Reflekterende skopose","1PR04406"
"1PR045","RFX™","RFX™ Reflekterende taske cover","1PR04506"
"1PR049","RFX™","RFX™ Reflekterende hjelmcover standard","1PR04906"
"1PR051","RFX™","RFX™ H9 Reflekterende hanger med karabin i PVC","1PR05182"
"1PR052","RFX™","RFX™ H14 Reflekterende lynlås puller","1PR05201"
"1PR055","RFX™","RFX™ 40 cm refleksbånd i PVC til kæledyr","1PR05513"
"1PR059","RFX™","RFX™ 44 cm reflekterende slap wrap i TPU","1PR05901"
"1PR059","RFX™","RFX™ 44 cm reflekterende slap wrap i TPU","1PR05913"
"1PR060","RFX™","RFX™ 38 cm reflekterende slap wrap i TPU","1PR06001"
"1PR060","RFX™","RFX™ 38 cm reflekterende slap wrap i TPU","1PR06013"
"1PR061","RFX™","RFX™ 34 cm reflekterende slap wrap i TPU","1PR06101"
"1PR061","RFX™","RFX™ 34 cm reflekterende slap wrap i TPU","1PR06113"
"1PR066","RFX™","RFX™ M-10 kvadratisk reflekterende magnet i TPU","1PR06601"
"1PR066","RFX™","RFX™ M-10 kvadratisk reflekterende magnet i TPU","1PR06613"
"1PR067","RFX™","RFX™ M-10 snefnugformet reflekterende magnet i PVC ","1PR06701"
"1PR067","RFX™","RFX™ M-10 snefnugformet reflekterende magnet i PVC ","1PR06713"
"1PR068","RFX™","RFX™ M-10 snefnugformet reflekterende magnet i TPU ","1PR06801"
"1PR068","RFX™","RFX™ M-10 snefnugformet reflekterende magnet i TPU ","1PR06813"
"1PR069","RFX™","RFX™ M-10 large rund reflekterende magnet i PVC","1PR06901"
"1PR069","RFX™","RFX™ M-10 large rund reflekterende magnet i PVC","1PR06913"
"1PR070","RFX™","RFX™ M-10 large rund reflekterende magnet i TPU","1PR07001"
"1PR070","RFX™","RFX™ M-10 large rund reflekterende magnet i TPU","1PR07013"
"1PR071","RFX™","RFX™ M-10 small rund reflekterende magnet i TPU","1PR07101"
"1PR071","RFX™","RFX™ M-10 small rund reflekterende magnet i TPU","1PR07113"
"1PR080","RFX™","RFX™ H-09 lodret reflekterende hanger i PVC","1PR08001"
"1PR080","RFX™","RFX™ H-09 lodret reflekterende hanger i PVC","1PR08013"
"1PR081","RFX™","RFX™ H-09 lodret reflekterende hanger i TPU","1PR08101"
"1PR081","RFX™","RFX™ H-09 lodret reflekterende hanger i TPU","1PR08113"
"1PR082","RFX™","RFX™ H-09 small diamantformet reflekterende hanger i PVC","1PR08201"
"1PR082","RFX™","RFX™ H-09 small diamantformet reflekterende hanger i PVC","1PR08213"
"1PR083","RFX™","RFX™ H-09 small diamantformet reflekterende hanger i TPU","1PR08301"
"1PR083","RFX™","RFX™ H-09 small diamantformet reflekterende hanger i TPU","1PR08313"
"1PR084","RFX™","RFX™ H-09 rund reflekterende hanger i PVC","1PR08401"
"1PR084","RFX™","RFX™ H-09 rund reflekterende hanger i PVC","1PR08413"
"1PR085","RFX™","RFX™ H-09 rund reflekterende hanger i TPU","1PR08501"
"1PR085","RFX™","RFX™ H-09 rund reflekterende hanger i TPU","1PR08513"
"1PR086","RFX™","RFX™ H-09 oval reflekterende hanger i PVC","1PR08601"
"1PR086","RFX™","RFX™ H-09 oval reflekterende hanger i PVC","1PR08613"
"1PR087","RFX™","RFX™ H-09 oval reflekterende hanger i TPU","1PR08701"
"1PR087","RFX™","RFX™ H-09 oval reflekterende hanger i TPU","1PR08713"
"1PR088","RFX™","RFX™ H-09 callout reflekterende hanger i PVC","1PR08801"
"1PR088","RFX™","RFX™ H-09 callout reflekterende hanger i PVC","1PR08813"
"1PR089","RFX™","RFX™ H-09 callout reflekterende hanger i TPU","1PR08901"
"1PR089","RFX™","RFX™ H-09 callout reflekterende hanger i TPU","1PR08913"
"1PR090","RFX™","RFX™ H-09 hjerteformet reflekterende hanger i PVC","1PR09001"
"1PR090","RFX™","RFX™ H-09 hjerteformet reflekterende hanger i PVC","1PR09013"
"1PR091","RFX™","RFX™ H-09 hjerteformet reflekterende hanger i TPU","1PR09101"
"1PR091","RFX™","RFX™ H-09 hjerteformet reflekterende hanger i TPU","1PR09113"
"1PR092","RFX™","RFX™ H-09 trapezformet reflekterende hanger i PVC","1PR09201"
"1PR092","RFX™","RFX™ H-09 trapezformet reflekterende hanger i PVC","1PR09213"
"1PR093","RFX™","RFX™ H-09 trapezformet reflekterende hanger i TPU","1PR09301"
"1PR093","RFX™","RFX™ H-09 trapezformet reflekterende hanger i TPU","1PR09313"
"1PR094","RFX™","RFX™ H-10 small rektangulær reflekterende hanger i PVC","1PR09401"
"1PR094","RFX™","RFX™ H-10 small rektangulær reflekterende hanger i PVC","1PR09413"
"1PR095","RFX™","RFX™ H-10 small rektangulær reflekterende hanger i TPU","1PR09501"
"1PR095","RFX™","RFX™ H-10 small rektangulær reflekterende hanger i TPU","1PR09513"
"1PR096","RFX™","RFX™ H-10 blitz reflekterende hanger i PVC","1PR09601"
"1PR096","RFX™","RFX™ H-10 blitz reflekterende hanger i PVC","1PR09613"
"1PR097","RFX™","RFX™ H-10 blitz reflekterende hanger i TPU","1PR09701"
"1PR097","RFX™","RFX™ H-10 blitz reflekterende hanger i TPU","1PR09713"
"1PR098","RFX™","RFX™ H-10 snefnugformet reflekterende hanger i PVC","1PR09801"
"1PR098","RFX™","RFX™ H-10 snefnugformet reflekterende hanger i PVC","1PR09813"
"1PR099","RFX™","RFX™ H-10 snefnugformet reflekterende hanger i TPU","1PR09901"
"1PR099","RFX™","RFX™ H-10 snefnugformet reflekterende hanger i TPU","1PR09913"
"1PR100","RFX™","RFX™ H-12 trekantet reflekterende hanger i PVC","1PR10001"
"1PR100","RFX™","RFX™ H-12 trekantet reflekterende hanger i PVC","1PR10013"
"1PR101","RFX™","RFX™ H-12 trekantet reflekterende hanger i TPU","1PR10101"
"1PR101","RFX™","RFX™ H-12 trekantet reflekterende hanger i TPU","1PR10113"
"1PR102","RFX™","RFX™ H-12 oval reflekterende hanger i PVC","1PR10201"
"1PR102","RFX™","RFX™ H-12 oval reflekterende hanger i PVC","1PR10213"
"1PR103","RFX™","RFX™ H-12 oval reflekterende hanger i TPU","1PR10301"
"1PR103","RFX™","RFX™ H-12 oval reflekterende hanger i TPU","1PR10313"
"1PR104","RFX™","RFX™ H-12 badgeformet reflekterende hanger i PVC","1PR10401"
"1PR104","RFX™","RFX™ H-12 badgeformet reflekterende hanger i PVC","1PR10413"
"1PR105","RFX™","RFX™ H-12 badgeformet reflekterende hanger i TPU","1PR10501"
"1PR105","RFX™","RFX™ H-12 badgeformet reflekterende hanger i TPU","1PR10513"
"1PR106","RFX™","RFX™ H-12 mærkeformet reflekterende hanger i PVC","1PR10601"
"1PR106","RFX™","RFX™ H-12 mærkeformet reflekterende hanger i PVC","1PR10613"
"1PR107","RFX™","RFX™ H-12 mærkeformet reflekterende hanger i TPU","1PR10701"
"1PR107","RFX™","RFX™ H-12 mærkeformet reflekterende hanger i TPU","1PR10713"
"1PR108","RFX™","RFX™ H-12 large rektangulær reflekterende hanger i PVC","1PR10801"
"1PR108","RFX™","RFX™ H-12 large rektangulær reflekterende hanger i PVC","1PR10813"
"1PR109","RFX™","RFX™ H-12 large rektangulær reflekterende hanger i TPU","1PR10901"
"1PR109","RFX™","RFX™ H-12 large rektangulær reflekterende hanger i TPU","1PR10913"
"1PR110","RFX™","RFX™ H-12 sekskantet reflekterende hanger i PVC","1PR11001"
"1PR110","RFX™","RFX™ H-12 sekskantet reflekterende hanger i PVC","1PR11013"
"1PR111","RFX™","RFX™ H-12 sekskantet reflekterende hanger i TPU","1PR11101"
"1PR111","RFX™","RFX™ H-12 sekskantet reflekterende hanger i TPU","1PR11113"
"1PR112","RFX™","RFX™ H-12 ellipseformet reflekterende hanger i PVC","1PR11201"
"1PR112","RFX™","RFX™ H-12 ellipseformet reflekterende hanger i PVC","1PR11213"
"1PR113","RFX™","RFX™ H-12 ellipseformet reflekterende hanger i TPU","1PR11301"
"1PR113","RFX™","RFX™ H-12 ellipseformet reflekterende hanger i TPU","1PR11313"
"1PR114","RFX™","RFX™  H-12 inverteret trekantet reflekterende hanger i PVC","1PR11401"
"1PR114","RFX™","RFX™  H-12 inverteret trekantet reflekterende hanger i PVC","1PR11413"
"1PR115","RFX™","RFX™  H-12 inverteret trekantet reflekterende hanger i TPU","1PR11501"
"1PR115","RFX™","RFX™  H-12 inverteret trekantet reflekterende hanger i TPU","1PR11513"
"1PR117","RFX™","RFX™ H-12 kroneformet reflekterende hanger i TPU","1PR11701"
"1PR117","RFX™","RFX™ H-12 kroneformet reflekterende hanger i TPU","1PR11713"
"1PR118","RFX™","RFX™ H-13 blomsterformet reflekterende hanger i PVC","1PR11801"
"1PR118","RFX™","RFX™ H-13 blomsterformet reflekterende hanger i PVC","1PR11813"
"1PR119","RFX™","RFX™ H-13 blomsterformet reflekterende hanger i TPU","1PR11901"
"1PR119","RFX™","RFX™ H-13 blomsterformet reflekterende hanger i TPU","1PR11913"
"1PR120","RFX™","RFX™ H-20 XXL rektangulær reflekterende hanger i PVC","1PR12001"
"1PR120","RFX™","RFX™ H-20 XXL rektangulær reflekterende hanger i PVC","1PR12013"
"1PR122","RFX™","RFX™ H-20 XL rektangulær reflekterende hanger i PVC","1PR12201"
"1PR122","RFX™","RFX™ H-20 XL rektangulær reflekterende hanger i PVC","1PR12213"
"1PR124","RFX™","RFX™ H-20 firkantet reflekterende hanger i PVC","1PR12401"
"1PR124","RFX™","RFX™ H-20 firkantet reflekterende hanger i PVC","1PR12413"
"1PR126","RFX™","RFX™ H-20 large diamantformet reflekterende hanger i PVC","1PR12601"
"1PR126","RFX™","RFX™ H-20 large diamantformet reflekterende hanger i PVC","1PR12613"
"1PR128","RFX™","RFX™ H-16 ovalt letvægts reflekterende PVC vedhæng","1PR12801"
"1PR128","RFX™","RFX™ H-16 ovalt letvægts reflekterende PVC vedhæng","1PR12813"
"1PR129","RFX™","RFX™H-16 rund letvægts reflekterende PVC vedhæng - medium","1PR12901"
"1PR129","RFX™","RFX™H-16 rund letvægts reflekterende PVC vedhæng - medium","1PR12913"
"1PR130","RFX™","RFX™ H-16 rund letvægts reflekterende PVC vedhæng - stor","1PR13001"
"1PR130","RFX™","RFX™ H-16 rund letvægts reflekterende PVC vedhæng - stor","1PR13013"
"1PR131","RFX™","RFX™ H-16 firkantet letvægts reflekterende PVC vedhæng","1PR13101"
"1PR131","RFX™","RFX™ H-16 firkantet letvægts reflekterende PVC vedhæng","1PR13113"
"1PR132","RFX™","RFX™ H-9 letvægts reflekterende PVC vedhæng med karabinhage","1PR13201"
"1PR133","RFX™","RFX™ H-16 rundt letvægts reflekterende PVC vedhæng","1PR13301"
"1PR133","RFX™","RFX™ H-16 rundt letvægts reflekterende PVC vedhæng","1PR13313"
"1PR134","RFX™","RFX™ H-16 hjerteformet letvægts reflekterende PVC vedhæng","1PR13401"
"1PR134","RFX™","RFX™ H-16 hjerteformet letvægts reflekterende PVC vedhæng","1PR13413"
"1PR135","RFX™","RFX™ H-12 firkantet letvægts reflekterende PVC vedhæng - stor","1PR13501"
"1PR135","RFX™","RFX™ H-12 firkantet letvægts reflekterende PVC vedhæng - stor","1PR13513"
"1PR136","RFX™","RFX™ H-12 sekskantet letvægts reflekterende PVC vedhæng","1PR13601"
"1PR136","RFX™","RFX™ H-12 sekskantet letvægts reflekterende PVC vedhæng","1PR13613"
"1PR137","RFX™","RFX™ H-13 blomsterformet letvægts reflekterende PVC vedhæng","1PR13701"
"1PR137","RFX™","RFX™ H-13 blomsterformet letvægts reflekterende PVC vedhæng","1PR13713"
"1PX006","SCX.design","SCX.design E20 bluetooth 5.0 hovedtelefoner","1PX00600"
"1PX014","SCX.design","SCX.design O25 10W induktionsmusemåtte med lys","1PX01400"
"1PX015","SCX.design","SCX.design P05 1000 mAh powerbank  med lysende logo","1PX01500"
"1PX019","SCX.design","SCX.design P20 5000 mAh  powerbank med lysende logo","1PX01900"
"1PX019","SCX.design","SCX.design P20 5000 mAh  powerbank med lysende logo","1PX01918"
"1PX019","SCX.design","SCX.design P20 5000 mAh  powerbank med lysende logo","1PX01957"
"1PX019","SCX.design","SCX.design P20 5000 mAh  powerbank med lysende logo","1PX01967"
"1PX025","SCX.design","SCX.design S30 5 W smart højttaler med lys","1PX02512"
"1PX025","SCX.design","SCX.design S30 5 W smart højttaler med lys","1PX02567"
"1PX026","SCX.design","SCX.design S31 smart højttaler af træ med lys","1PX02600"
"1PX040","SCX.design","SCX.design P29 5000 mAh solcelledrevet lomme powerbank med lyslogo","1PX04000"
"1PX048","SCX.design","SCX.design O21 genopladelig trådløs mus","1PX04890"
"1PX049","SCX.design","SCX.design P35 5.000 mAh powerbank i træ","1PX04971"
"1PX063","SCX.design","SCX.design P37 5000 mAh trådløs powerbank i træ med lys","1PX06371"
"1PX075","SCX.design","SCX.design O18 A5-notesbog med 5 W trådløs 4000 mAh powerbank og lysende logo","1PX07590"
"1PX076","SCX.design","SCX.design O11 antibakterielt penalhus med lysende logo og dobbelt USB-udgang","1PX07690"
"1PX077","SCX.design","SCX.design O12 penalhus af træ med lysende logo og dobbelt USB-udgang","1PX07771"
"1PX078","SCX.design","SCX.design W17 10 W lysende logo trådløs opladningsplade og penalhus i bambus","1PX07871"
"1PX079","SCX.design","SCX.design O22 antibakteriel trådløs mus med lysende logo","1PX07990"
"1PX083","SCX.design","SCX.design W26 10 W trådløst telefonholder med opladefunktion i ahorn træ med lysende logo","1PX08371"
"1PX087","SCX.design","SCX.design D06 4-delt magnetisk keramisk kaffekrussæt","1PX08790"
"1PX088","SCX.design","SCX.design E19 Bluetooth® øretelefoner","1PX08890"
"1PX089","SCX.design","SCX.design E21 Bluetooth® øretelefoner","1PX08990"
"1PX090","SCX.design","SCX.design E25 Bluetooth® ANC hovedtelefoner","1PX09090"
"1PX091","SCX.design","SCX.design F05 Nomad stemningslampe","1PX09190"
"1PX092","SCX.design","SCX.design F20 svævende lampe","1PX09290"
"1PX094","SCX.design","SCX.design L20 business trolly rygsæk til laptop","1PX09490"
"1PX100","SCX.design","SCX.design S51 2x10 W soundbar til TV","1PX10090"
"1PX103","SCX.design","SCX.design W22 15 W + 5 W magnetisk trådløs oplader","1PX10390"
"1PX110","SCX.design","SCX.design H11 smart-hjemmeoplader med lysende logo","1PX11090"
"1PX120","SCX.design","SCX.design K01 elektrisk proptrækker med lysende logo","1PX12090"
"1PX122","SCX.design","SCX.design T18 alt-i-et skruetrækkersæt i 10 dele","1PX12290"
"1PX123","SCX.design","SCX.design W24 10 W trådløs ladestation","1PX12370"
"1PX124","SCX.design","SCX.design W27 10 W trådløs ladestation","1PX12470"
"1PX125","SCX.design","SCX.design P34 5000 mAh 5 W trådløs powerbank af træ ","1PX12570"
"1PX127","SCX.design","SCX.design K03 skærebræt i træ og knivsæt","1PX12706"
"1PX128","SCX.design","SCX.design P32 10.000 mAh powerbank med solceller","1PX12871"
"1PX129","SCX.design","SCX.design P50 20,000 mAh magnetisk powerbank","1PX12990"
"1PX130","SCX.design","SCX.design K02 sæt med elektrisk salt- og peberkværn","1PX13090"
"1PX131","SCX.design","SCX.design P51 20.000 mAh powerbank","1PX13101"
"1PX133","SCX.design","SCX.design R01 semi automatisk 28"" paraply","1PX13390"
"1PX134","SCX.design","SCX.design R02 23"" golfparaply","1PX13490"
"1PX14","SCX.design","SCX.design G03 ThermoVest opvarmet vest","1PX14902"
"1PX14","SCX.design","SCX.design G03 ThermoVest opvarmet vest","1PX14903"
"1PX14","SCX.design","SCX.design G03 ThermoVest opvarmet vest","1PX14904"
"1PX14","SCX.design","SCX.design G03 ThermoVest opvarmet vest","1PX14905"
"1PX152","SCX.design","SCX.design W29 15 W trådløs ladestation i træ","1PX15201"
"1PX153","SCX.design","SCX.design K04 køkkenknive og skærebrætsæt","1PX15371"
"1PX154","SCX.design","SCX.design K05 skærebræt i eg","1PX15471"
"1PX156","SCX.design","SCX.design P48 10.000 mAh magnetisk 15 W powerbank","1PX15671"
"1PX158","SCX.design","SCX.design T17 12-i-1 blyantskruetrækker","1PX15890"
"1PX159","SCX.design","SCX.design O33 foldbart stativ til bærbar computer","1PX15982"
"1PX160","SCX.design","SCX.design P19 5000 mAh 5 W trådløs powerbank","1PX16090"
"1PX161","SCX.design","SCX.design O32 foldbart telefonstativ med 3-i-1 opladningskabel","1PX16182"
"1PX163","SCX.design","SCX.design L12 Laptop rygsæk med indbygget 10.000 mAh powerbank og 3-i-1 ladekabel","1PX16390"
"1PX164","SCX.design","SCX.design S42 10 W vandtæt Bluetooth®-højttaler","1PX16490"
"1PX166","SCX.design","SCX.design T30 10-funktions multiværktøj lommekniv","1PX16690"
"1PX167","SCX.design","SCX.design O24 gennemsigtig multimode trådløs 2,4 Ghz Bluetooth® mus","1PX16701"
"1PX173","SCX.design","SCX.design T16 universal rejseadapter","1PX17390"
"1PX174","SCX.design","SCX.design P23 15 W 5000 mAh MagSafe powerbank","1PX17490"
"1PX175","SCX.design","SCX.design P24 15 W 10.000 mAh MagSafe powerbank","1PX17590"
"1PX176","SCX.design","SCX.design T31 40-i-1 elektrisk skruetrækker sæt","1PX17690"
"1PX177","SCX.design","SCX.design T32 multitool i træ","1PX17770"
"1PX178","SCX.design","SCX.design O27 telefonholder i træ","1PX17871"
"1PX180","SCX.design","SCX.design W21 15 W trådløs ladestander med lysende logo","1PX18090"
"1PX182","SCX.design","SCX.design P21 3000 mAh ultratynd magnetisk powerbank","1PX18290"
"1PX183","SCX.design","SCX.design W32 15 W 15 W trådløs ladestation ","1PX18390"
"1PX185","SCX.design","SCX.design W35 15 W MagSafe ringoplader","1PX18590"
"1PX186","SCX.design","SCX.design F11 tumlelampe","1PX18690"
"1PX188","SCX.design","SCX.design K06 ostebord og knivsæt","1PX18871"
"1PX189","SCX.design","SCX.design L13 rygsæk","1PX18955"
"1PX189","SCX.design","SCX.design L13 rygsæk","1PX18982"
"1PX194","SCX.design","SCX.design C55 65 W sæt af kabel og adapter","1PX19490"
"1PX195","SCX.design","SCX.design C57 100 W magnetisk kabel med display","1PX19590"
"1PX197","SCX.design","SCX.design E26 øretelefoner ANC med opladningsetui med interaktiv touchskærm","1PX19701"
"1PX197","SCX.design","SCX.design E26 øretelefoner ANC med opladningsetui med interaktiv touchskærm","1PX19790"
"1PX198","SCX.design","SCX.design T01 pitchfork til golf","1PX19890"
"1PX199","SCX.design","SCX.design H21 8-i-1 USB hub af træ med dobbelt indgang og seks porte","1PX19971"
"1PX200","SCX.design","SCX.design L14 rygsæk med vakuumsystem 40 L","1PX20090"
"1PX201","SCX.design","SCX.design O35 magnetisk RFID kortholder","1PX20190"
"1PX202","SCX.design","SCX.design P26 15 W 5000 mAh MagSafe powerbank i træ","1PX20271"
"1PX203","SCX.design","SCX.design P52 100 W 20.000 mAh computer powerbank","1PX20382"
"1PX204","SCX.design","SCX.design W37 15 W ekstra slank trådløs opladningsplade i genvundet aluminium","1PX20490"
"1PX205","SCX.design","SCX.design C56 65 W rejse opladningssæt","1PX20590"
"1PX217","SCX.design","SCX.design P27 10.000 mAh MagSafe power bank i bambus","1PX21790"
"1PX218","SCX.design","SCX.design P28 5000 mAh powerbank med foldbar ring","1PX21890"
"1PX219","SCX.design","SCX.design B11 3-delt pennesæt","1PX21990"
"1PX220","SCX.design","SCX.design L16 MagPack genvundet laptop rygsæk ","1PX22052"
"1PX221","SCX.design","SCX.design L17 VacPouch vakuumpose","1PX22190"
"1PX222","SCX.design","SCX.design R03 sammenklappelig 23"" træparaply, der automatisk åbner/lukker","1PX22290"
"1PX223","SCX.design","SCX.design K07 elektrisk vinsæt ","1PX22390"
"1PX224","SCX.design","SCX.design K08 salt- og peberkværn i keramik ","1PX22490"
"1PX225","SCX.design","SCX.design D12 500 ml isoleret vandflaske i rustfrit stål med sugerør","1PX22590"
"1PX226","SCX.design","SCX.design O34 360° telefonholder med 4-i-1 opladningskabel på 240 W ","1PX22682"
"1PX227","SCX.design","SCX.design T19 universal rejseadapter","1PX22790"
"1PX228","SCX.design","SCX.design H17 5-i-1 USB hub","1PX22890"
"1PX229","SCX.design","SCX.design C35 5-i-1 opladningskabel","1PX22990"
"1PX230","SCX.design","SCX.design A11 smart tag","1PX23090"
"1PX231","SCX.design","SCX.design C41 100 W opladningskabel","1PX23190"
"1PX232","SCX.design","SCX.design P33 5000 mAh MagSafe powerbank","1PX23282"
"1PX233","SCX.design","SCX.design A12 rundt smart tag med nøglering","1PX23390"
"1PX234","SCX.design","SCX.design A13 pasholder med smart tag","1PX23490"
"1PX235","SCX.design","SCX.design A14 smart tag til tasker","1PX23590"
"1PX236","SCX.design","SCX.design C42 4-i-1 udtrækkeligt kabel på 65 W ","1PX23690"
"1PX237","SCX.design","SCX.design H22 7-i-1 USB hub","1PX23790"
"1PX238","SCX.design","SCX.design T21 65 W rejseadapter","1PX23890"
"1PX239","SCX.design","SCX.design P41 MagLED 5000 mAh magnetisk powerbank","1PX23990"
"1PX240","SCX.design","SCX.design P42 MagLED 10.000 mAh magnetisk powerbank","1PX24090"
"1PX241","SCX.design","SCX.design W38 MagStand 4-i-1 trådløs opladningsstation","1PX24190"
"1PX242","SCX.design","SCX.design T40 bærbar luftkompressor","1PX24290"
"1PX243","SCX.design","SCX.design C43 65 W opladerkabel","1PX24390"
"1PX244","SCX.design","SCX.design T33 sammenklappelig kniv i oliventræ","1PX24471"
"1PX245","SCX.design","SCX.design L30 RideCase løbehjul","1PX24590"
"1PX246","SCX.design","SCX.design V41 roterende biloplader","1PX24690"
"1PX247","SCX.design","SCX.design D30 TravelPresso kaffemaskine","1PX24790"
"1PX248","SCX.design","SCX.design A15 kortpung med indbygget tracker","1PX24890"
"1PX249","SCX.design","SCX.design K09 vinflaske taske","1PX24990"
"1PX250","SCX.design","SCX.design S43 vibrerende 5 W højttaler","1PX25090"
"1PY001","Hey Pots","Hey Pots urteblanding til indendørs have","1PY00181"
"1PY001","Hey Pots","Hey Pots urteblanding til indendørs have","1PY00190"
"1PY002","Hey Pots","Hey Pots indendørs have, sæt med tre","1PY00281"
"1PY002","Hey Pots","Hey Pots indendørs have, sæt med tre","1PY00290"
"1PY003","Hey Pots","Hey Pots potteplante af aluminium, kaktus","1PY00301"
"1PY003","Hey Pots","Hey Pots potteplante af aluminium, kaktus","1PY00390"
"1PY004","Hey Pots","Hey Pots blomsterblanding til indendørs have","1PY00481"
"1PY004","Hey Pots","Hey Pots blomsterblanding til indendørs have","1PY00490"
"1PY005","Hey Pots","Hey Pots indendørs have blomsterblanding, sæt med tre","1PY00581"
"1PY005","Hey Pots","Hey Pots indendørs have blomsterblanding, sæt med tre","1PY00590"
"1PY006","Hey Pots","Hey Pots aluminiumspotte med plante, sukkulent","1PY00601"
"1PY006","Hey Pots","Hey Pots aluminiumspotte med plante, sukkulent","1PY00690"
"1PZ001","Citizen Green","Citizen Green panamahat ","1PZ00190"
"1PZ002","Citizen Green","Citizen Green Elmar 470 g/m² håndklæde","1PZ00221"
"1PZ002","Citizen Green","Citizen Green Elmar 470 g/m² håndklæde","1PZ00252"
"1PZ003","Citizen Green","Citizen Green Seafou fouta 100 x 170 cm","1PZ00305"
"1PZ003","Citizen Green","Citizen Green Seafou fouta 100 x 170 cm","1PZ00311"
"1PZ003","Citizen Green","Citizen Green Seafou fouta 100 x 170 cm","1PZ00352"
"1PZ003","Citizen Green","Citizen Green Seafou fouta 100 x 170 cm","1PZ00355"
"1PZ003","Citizen Green","Citizen Green Seafou fouta 100 x 170 cm","1PZ00382"
"1PZ004","Citizen Green","Citizen Green Seachic 150 g/m² fouta","1PZ00421"
"1PZ004","Citizen Green","Citizen Green Seachic 150 g/m² fouta","1PZ00451"
"1PZ004","Citizen Green","Citizen Green Seachic 150 g/m² fouta","1PZ00455"
"1PZ005","Citizen Green","Citizen Green Azov 270 g/m² fouta","1PZ00521"
"1PZ005","Citizen Green","Citizen Green Azov 270 g/m² fouta","1PZ00552"
"1PZ005","Citizen Green","Citizen Green Azov 270 g/m² fouta","1PZ00571"
"1PZ006","Citizen Green","Citizen Green Magnum sports rejsetaske","1PZ00621"
"1PZ006","Citizen Green","Citizen Green Magnum sports rejsetaske","1PZ00631"
"1PZ006","Citizen Green","Citizen Green Magnum sports rejsetaske","1PZ00651"
"1PZ006","Citizen Green","Citizen Green Magnum sports rejsetaske","1PZ00652"
"1PZ006","Citizen Green","Citizen Green Magnum sports rejsetaske","1PZ00655"
"1PZ006","Citizen Green","Citizen Green Magnum sports rejsetaske","1PZ00683"
"1PZ007","Citizen Green","Citizen Green Today rejsetaske","1PZ00702"
"1PZ007","Citizen Green","Citizen Green Today rejsetaske","1PZ00731"
"1PZ007","Citizen Green","Citizen Green Today rejsetaske","1PZ00755"
"1PZ007","Citizen Green","Citizen Green Today rejsetaske","1PZ00761"
"1PZ008","Citizen Green","Citizen Green Biutifulday rejsetaske","1PZ00831"
"1PZ008","Citizen Green","Citizen Green Biutifulday rejsetaske","1PZ00841"
"1PZ008","Citizen Green","Citizen Green Biutifulday rejsetaske","1PZ00852"
"1PZ008","Citizen Green","Citizen Green Biutifulday rejsetaske","1PZ00855"
"1PZ008","Citizen Green","Citizen Green Biutifulday rejsetaske","1PZ00882"
"1PZ009","Citizen Green","Citizen Green Toteback rygsæk","1PZ00906"
"1PZ010","Citizen Green","Citizen Green Higgins rejsetaske","1PZ01011"
"1PZ010","Citizen Green","Citizen Green Higgins rejsetaske","1PZ01055"
"1PZ010","Citizen Green","Citizen Green Higgins rejsetaske","1PZ01082"
"1PZ011","Citizen Green","Citizen Green Reway rygsæk","1PZ01155"
"1PZ011","Citizen Green","Citizen Green Reway rygsæk","1PZ01182"
"1PZ012","Citizen Green","Citizen Green Reway rejsetaske","1PZ01205"
"1PZ012","Citizen Green","Citizen Green Reway rejsetaske","1PZ01255"
"1PZ012","Citizen Green","Citizen Green Reway rejsetaske","1PZ01282"
"1PZ013","Citizen Green","Citizen Green Natura taske til tilbehør","1PZ01352"
"1PZ013","Citizen Green","Citizen Green Natura taske til tilbehør","1PZ01371"
"1PZ014","Citizen Green","Citizen Green Natura rygsæk","1PZ01452"
"1PZ014","Citizen Green","Citizen Green Natura rygsæk","1PZ01471"
"1PZ015","Citizen Green","Citizen Green Natura rejsetaske","1PZ01552"
"1PZ015","Citizen Green","Citizen Green Natura rejsetaske","1PZ01571"
"1PZ016","Citizen Green","Citizen Green Maxiday taske til tilbehør","1PZ01606"
"1PZ016","Citizen Green","Citizen Green Maxiday taske til tilbehør","1PZ01690"
"1PZ017","Citizen Green","Citizen Green Lunchy taske til fødevarer i økologisk bomuld","1PZ01706"
"1PZ017","Citizen Green","Citizen Green Lunchy taske til fødevarer i økologisk bomuld","1PZ01752"
"1PZ017","Citizen Green","Citizen Green Lunchy taske til fødevarer i økologisk bomuld","1PZ01755"
"1PZ017","Citizen Green","Citizen Green Lunchy taske til fødevarer i økologisk bomuld","1PZ01761"
"1PZ018","Citizen Green","Citizen Green Combio rejsetaske og pung i økologisk bomuld","1PZ01806"
"1PZ018","Citizen Green","Citizen Green Combio rejsetaske og pung i økologisk bomuld","1PZ01890"
"1PZ019","Citizen Green","Citizen Green Naturback rygsæk i økologisk bomuld","1PZ01902"
"1PZ019","Citizen Green","Citizen Green Naturback rygsæk i økologisk bomuld","1PZ01955"
"1PZ019","Citizen Green","Citizen Green Naturback rygsæk i økologisk bomuld","1PZ01982"
"1PZ020","Citizen Green","Citizen Green Rewday rygsæk","1PZ02082"
"1PZ020","Citizen Green","Citizen Green Rewday rygsæk","1PZ02090"
"1PZ021","Citizen Green","Citizen Green Iso isoleret taske til fødevarer i bomuld","1PZ02106"
"1PZ022","Citizen Green","Citizen Green Zipzip taske til tilbehør i økologisk bomuld","1PZ02206"
"1PZ022","Citizen Green","Citizen Green Zipzip taske til tilbehør i økologisk bomuld","1PZ02255"
"1PZ022","Citizen Green","Citizen Green Zipzip taske til tilbehør i økologisk bomuld","1PZ02290"
"1PZ023","Citizen Green","Citizen Green Eurocool isoleret bomuldstaske","1PZ02306"
"1PZ024","Citizen Green","Citizen Green Eurolunch isotermisk pose til fødevarer i bomuld","1PZ02406"
"1PZ025","Citizen Green","Citizen Green Escape rejsetaske","1PZ02522"
"1PZ025","Citizen Green","Citizen Green Escape rejsetaske","1PZ02552"
"1PZ025","Citizen Green","Citizen Green Escape rejsetaske","1PZ02582"
"1PZ026","Citizen Green","Citizen Green Savor isoleret taske til fødevarer","1PZ02622"
"1PZ026","Citizen Green","Citizen Green Savor isoleret taske til fødevarer","1PZ02652"
"1PZ026","Citizen Green","Citizen Green Savor isoleret taske til fødevarer","1PZ02655"
"1PZ026","Citizen Green","Citizen Green Savor isoleret taske til fødevarer","1PZ02682"
"1PZ027","Citizen Green","Citizen Green Bonnie panamahat","1PZ02701"
"1PZ027","Citizen Green","Citizen Green Bonnie panamahat","1PZ02790"
"1PZ028","Citizen Green","Citizen Green Bebel Doulos hat","1PZ02890"
"1PZ029","Citizen Green","Citizen Green Astaire panamahat","1PZ02990"
"1PZ030","Citizen Green","Citizen Green Tintin kortholder i genvundet læder","1PZ03002"
"1PZ030","Citizen Green","Citizen Green Tintin kortholder i genvundet læder","1PZ03021"
"1PZ030","Citizen Green","Citizen Green Tintin kortholder i genvundet læder","1PZ03055"
"1PZ030","Citizen Green","Citizen Green Tintin kortholder i genvundet læder","1PZ03071"
"1PZ030","Citizen Green","Citizen Green Tintin kortholder i genvundet læder","1PZ03090"
"1PZ031","Citizen Green","Citizen Green Milou bagagemærke i genvundet læder","1PZ03102"
"1PZ031","Citizen Green","Citizen Green Milou bagagemærke i genvundet læder","1PZ03121"
"1PZ031","Citizen Green","Citizen Green Milou bagagemærke i genvundet læder","1PZ03155"
"1PZ031","Citizen Green","Citizen Green Milou bagagemærke i genvundet læder","1PZ03171"
"1PZ031","Citizen Green","Citizen Green Milou bagagemærke i genvundet læder","1PZ03190"
"1PZ032","Citizen Green","Citizen Green Hibernal vintertørklæde 27 x 200 cm","1PZ03211"
"1PZ032","Citizen Green","Citizen Green Hibernal vintertørklæde 27 x 200 cm","1PZ03255"
"1PZ032","Citizen Green","Citizen Green Hibernal vintertørklæde 27 x 200 cm","1PZ03280"
"1PZ032","Citizen Green","Citizen Green Hibernal vintertørklæde 27 x 200 cm","1PZ03283"
"1PZ033","Citizen Green","Citizen Green Scarfy tørklæde i bomuld 50 x 220 cm","1PZ03301"
"1PZ033","Citizen Green","Citizen Green Scarfy tørklæde i bomuld 50 x 220 cm","1PZ03352"
"1PZ034","Citizen Green","Citizen Green Seabeach fouta 100 x 180 cm","1PZ03402"
"1PZ034","Citizen Green","Citizen Green Seabeach fouta 100 x 180 cm","1PZ03455"
"1PZ035","Citizen Green","Citizen Green Marina fouta 100 x 170 cm","1PZ03502"
"1PZ035","Citizen Green","Citizen Green Marina fouta 100 x 170 cm","1PZ03555"
"1PZ036","Citizen Green","Citizen Green Lawrence tørklæde 110 x 200 cm","1PZ03601"
"1PZ036","Citizen Green","Citizen Green Lawrence tørklæde 110 x 200 cm","1PZ03605"
"1PZ036","Citizen Green","Citizen Green Lawrence tørklæde 110 x 200 cm","1PZ03621"
"1PZ036","Citizen Green","Citizen Green Lawrence tørklæde 110 x 200 cm","1PZ03631"
"1PZ036","Citizen Green","Citizen Green Lawrence tørklæde 110 x 200 cm","1PZ03641"
"1PZ036","Citizen Green","Citizen Green Lawrence tørklæde 110 x 200 cm","1PZ03651"
"1PZ036","Citizen Green","Citizen Green Lawrence tørklæde 110 x 200 cm","1PZ03652"
"1PZ036","Citizen Green","Citizen Green Lawrence tørklæde 110 x 200 cm","1PZ03655"
"1PZ036","Citizen Green","Citizen Green Lawrence tørklæde 110 x 200 cm","1PZ03661"
"1PZ036","Citizen Green","Citizen Green Lawrence tørklæde 110 x 200 cm","1PZ03671"
"1PZ036","Citizen Green","Citizen Green Lawrence tørklæde 110 x 200 cm","1PZ03682"
"1PZ036","Citizen Green","Citizen Green Lawrence tørklæde 110 x 200 cm","1PZ03690"
"1PZ037","Citizen Green","Citizen Green Elegant Golf 30"" paraply","1PZ03755"
"1PZ037","Citizen Green","Citizen Green Elegant Golf 30"" paraply","1PZ03782"
"1PZ037","Citizen Green","Citizen Green Elegant Golf 30"" paraply","1PZ03790"
"1PZ038","Citizen Green","Citizen Green Deluge Golf 25"" paraply","1PZ03890"
"1PZ039","Citizen Green","Citizen Green Cloud 25"" sammenklappelig paraply ","1PZ03955"
"1PZ039","Citizen Green","Citizen Green Cloud 25"" sammenklappelig paraply ","1PZ03982"
"1PZ039","Citizen Green","Citizen Green Cloud 25"" sammenklappelig paraply ","1PZ03990"
"1PZ040","Citizen Green","Citizen Green Musette tilbehørs taske","1PZ04006"
"1PZ040","Citizen Green","Citizen Green Musette tilbehørs taske","1PZ04011"
"1PZ040","Citizen Green","Citizen Green Musette tilbehørs taske","1PZ04055"
"1PZ040","Citizen Green","Citizen Green Musette tilbehørs taske","1PZ04090"
"1PZ041","Citizen Green","Citizen Green Rigodon rejsetaske","1PZ04106"
"1PZ041","Citizen Green","Citizen Green Rigodon rejsetaske","1PZ04111"
"1PZ041","Citizen Green","Citizen Green Rigodon rejsetaske","1PZ04155"
"1PZ041","Citizen Green","Citizen Green Rigodon rejsetaske","1PZ04161"
"1PZ041","Citizen Green","Citizen Green Rigodon rejsetaske","1PZ04190"
"1PZ042","Citizen Green","Citizen Green Maxine taske i økologisk bomuld","1PZ04206"
"1PZ043","Citizen Green","Citizen Green Pollux bomuldsrejsetaske","1PZ04305"
"1PZ043","Citizen Green","Citizen Green Pollux bomuldsrejsetaske","1PZ04321"
"1PZ043","Citizen Green","Citizen Green Pollux bomuldsrejsetaske","1PZ04355"
"1PZ044","Citizen Green","Citizen Green Azalee mulepose","1PZ04405"
"1PZ044","Citizen Green","Citizen Green Azalee mulepose","1PZ04421"
"1PZ044","Citizen Green","Citizen Green Azalee mulepose","1PZ04455"
"1PZ045","Citizen Green","Citizen Green Margote bæltetaske i bomuld","1PZ04505"
"1PZ045","Citizen Green","Citizen Green Margote bæltetaske i bomuld","1PZ04521"
"1PZ045","Citizen Green","Citizen Green Margote bæltetaske i bomuld","1PZ04555"
"1PZ046","Citizen Green","Citizen Green Fisel taske i økologisk bomuld","1PZ04606"
"1PZ046","Citizen Green","Citizen Green Fisel taske i økologisk bomuld","1PZ04611"
"1PZ046","Citizen Green","Citizen Green Fisel taske i økologisk bomuld","1PZ04655"
"1PZ046","Citizen Green","Citizen Green Fisel taske i økologisk bomuld","1PZ04661"
"1PZ047","Citizen Green","Citizen Green Rondeau rejsetaske i økologisk bomuld","1PZ04706"
"1PZ047","Citizen Green","Citizen Green Rondeau rejsetaske i økologisk bomuld","1PZ04711"
"1PZ047","Citizen Green","Citizen Green Rondeau rejsetaske i økologisk bomuld","1PZ04755"
"1PZ047","Citizen Green","Citizen Green Rondeau rejsetaske i økologisk bomuld","1PZ04761"
"1PZ048","Citizen Green","Citizen Green Riviera taske i strå","1PZ04806"
"1PZ049","Citizen Green","Citizen Green Java Marie bomuldstaske","1PZ04906"
"1PZ049","Citizen Green","Citizen Green Java Marie bomuldstaske","1PZ04955"
"1PZ049","Citizen Green","Citizen Green Java Marie bomuldstaske","1PZ04990"
"1PZ050","Citizen Green","Citizen Green Jeannette mulepose i økologisk bomuld","1PZ05006"
"1PZ051","Citizen Green","Citizen Green Costello Doulos hat","1PZ05101"
"1PZ051","Citizen Green","Citizen Green Costello Doulos hat","1PZ05190"
"1PZ052","Citizen Green","Citizen Green Glamu 310 ml glaskrus","1PZ05201"
"1PZ055","Citizen Green","Citizen Green Hexawood penneholder","1PZ05571"
"1PZ056","Citizen Green","Citizen Green Purlunch 1000 ml madkasse i borosilikatglas","1PZ05601"
"1PZ057","Citizen Green","Citizen Green Purflow vandflaske af borosilikatglas, 500 ml ","1PZ05701"
"1PZ058","Citizen Green","Citizen Green Purdrink krus af borosilikatglas ","1PZ05801"
"1PZ059","Citizen Green","Citizen Green Morgenmadsglaskrus, 700 ml","1PZ05901"
"1PZ060","Citizen Green","Citizen Green Ondee 22"" genvunden foldbar paraply ","1PZ06055"
"1PZ061","Citizen Green","Citizen Green Drache 23"" genvunden paraply","1PZ06155"
"1PZ062","Citizen Green","Citizen Green Leopold 24"" genvunden byparaply","1PZ06255"
"1PZ062","Citizen Green","Citizen Green Leopold 24"" genvunden byparaply","1PZ06290"
"1PZ063","Citizen Green","Citizen Green Libeccio 24"" genvundet paraply, som er windproof","1PZ06352"
"1PZ063","Citizen Green","Citizen Green Libeccio 24"" genvundet paraply, som er windproof","1PZ06355"
"1PZ063","Citizen Green","Citizen Green Libeccio 24"" genvundet paraply, som er windproof","1PZ06390"
"1PZ064","Citizen Green","Citizen Green Seasport genvundet sportshåndklæde","1PZ06452"
"1PZ064","Citizen Green","Citizen Green Seasport genvundet sportshåndklæde","1PZ06461"
"1PZ064","Citizen Green","Citizen Green Seasport genvundet sportshåndklæde","1PZ06482"
"1PZ065","Citizen Green","Citizen Green Rewarm tæppe af genvundet materiale","1PZ06552"
"1PZ065","Citizen Green","Citizen Green Rewarm tæppe af genvundet materiale","1PZ06582"
"1PZ066","Citizen Green","Citizen Green Alix tørklæde i økologisk bomuld ","1PZ06602"
"1PZ066","Citizen Green","Citizen Green Alix tørklæde i økologisk bomuld ","1PZ06655"
"1PZ067","Citizen Green","Citizen Green Axel tæppe af økologisk bomuld","1PZ06702"
"1PZ067","Citizen Green","Citizen Green Axel tæppe af økologisk bomuld","1PZ06755"
"1PZ067","Citizen Green","Citizen Green Axel tæppe af økologisk bomuld","1PZ06783"
"1PZ068","Citizen Green","Citizen Green Axeline hammam fouta i økologisk bomuld","1PZ06802"
"1PZ068","Citizen Green","Citizen Green Axeline hammam fouta i økologisk bomuld","1PZ06852"
"1PZ068","Citizen Green","Citizen Green Axeline hammam fouta i økologisk bomuld","1PZ06883"
"1PZ069","Citizen Green","Citizen Green håndvævet bomuldstørklæde","1PZ06901"
"1PZ069","Citizen Green","Citizen Green håndvævet bomuldstørklæde","1PZ06921"
"1PZ069","Citizen Green","Citizen Green håndvævet bomuldstørklæde","1PZ06950"
"1PZ069","Citizen Green","Citizen Green håndvævet bomuldstørklæde","1PZ06952"
"1PZ069","Citizen Green","Citizen Green håndvævet bomuldstørklæde","1PZ06980"
"1Z0281","Graid™","Graid Premium førstehjælpssæt","1Z028121"
"1Z0282","Graid™","3 stk. anti klø plaster med konvolut af papir med fuldfarvetryk ","1Z028201"
"1Z0283","Graid™","2 stk. næsestrimler i en konvolut af papir med fuldfarvet tryk","1Z028301"
"1Z0284","Graid™","2-delt blisterpakning med plaster i en papirkonvolut med fuldfarvet tryk","1Z028401"
"1Z0285","Graid™","4-stk. plaster i blisterpakning med papirkonvolut med fuldfarvetryk","1Z028501"
"1Z0286","Graid™","6-stk. plaster i blisterpakning med papirkonvolut med fuldfarvetryk","1Z028601"
"1Z0287","Graid™","6 stk. plaster til hudfejl med konvolut af papir med fuldfarvetryk","1Z028701"
"1Z0288","Graid™","Ørepropper i en papæske formet som en pude","1Z028801"
"1Z0289","Graid™","Rejsearmbånd med konvolut af papir med fuldfarvetryk","1Z028901"
"1Z2045","Unbranded","USB Kompakt","1Z20450D"
"1Z2045","Unbranded","USB Kompakt","1Z20450F"
"1Z2045","Unbranded","USB Kompakt","1Z20450G"
"1Z2045","Unbranded","USB Kompakt","1Z20450H"
"1Z2045","Unbranded","USB Kompakt","1Z20450K"
"1Z2045","Unbranded","USB Kompakt","1Z20450L"
"1Z2045","Unbranded","USB Kompakt","1Z20450M"
"1Z2500","MyKit","MyKit førstehjælpsboks","1Z250001"
"1Z2500","MyKit","MyKit førstehjælpsboks","1Z250002"
"1Z2500","MyKit","MyKit førstehjælpsboks","1Z250003"
"1Z2500","MyKit","MyKit førstehjælpsboks","1Z250004"
"1Z2500","MyKit","MyKit førstehjælpsboks","1Z250005"
"1Z2500","MyKit","MyKit førstehjælpsboks","1Z250006"
"1Z2500","MyKit","MyKit førstehjælpsboks","1Z250007"
"1Z2500","MyKit","MyKit førstehjælpsboks","1Z250008"
"1Z2503","MyKit","MyKit førstehjælpsboks til arbejdspladsen","1Z250301"
"1Z2503","MyKit","MyKit førstehjælpsboks til arbejdspladsen","1Z250302"
"1Z2503","MyKit","MyKit førstehjælpsboks til arbejdspladsen","1Z250303"
"1Z2503","MyKit","MyKit førstehjælpsboks til arbejdspladsen","1Z250304"
"1Z2503","MyKit","MyKit førstehjælpsboks til arbejdspladsen","1Z250305"
"1Z2503","MyKit","MyKit førstehjælpsboks til arbejdspladsen","1Z250306"
"1Z2503","MyKit","MyKit førstehjælpsboks til arbejdspladsen","1Z250307"
"1Z2503","MyKit","MyKit førstehjælpsboks til arbejdspladsen","1Z250308"
"1Z2505","MyKit","MyKit førstehjælpssæt til bil","1Z250501"
"1Z2505","MyKit","MyKit førstehjælpssæt til bil","1Z250502"
"1Z2505","MyKit","MyKit førstehjælpssæt til bil","1Z250503"
"1Z2505","MyKit","MyKit førstehjælpssæt til bil","1Z250504"
"1Z2505","MyKit","MyKit førstehjælpssæt til bil","1Z250505"
"1Z2505","MyKit","MyKit førstehjælpssæt til bil","1Z250506"
"1Z2505","MyKit","MyKit førstehjælpssæt til bil","1Z250507"
"1Z2505","MyKit","MyKit førstehjælpssæt til bil","1Z250508"
"1Z2507","MyKit","MyKit førstehjælpssæt til rejser","1Z250701"
"1Z2507","MyKit","MyKit førstehjælpssæt til rejser","1Z250702"
"1Z2507","MyKit","MyKit førstehjælpssæt til rejser","1Z250703"
"1Z2507","MyKit","MyKit førstehjælpssæt til rejser","1Z250704"
"1Z2507","MyKit","MyKit førstehjælpssæt til rejser","1Z250705"
"1Z2507","MyKit","MyKit førstehjælpssæt til rejser","1Z250706"
"1Z2507","MyKit","MyKit førstehjælpssæt til rejser","1Z250707"
"1Z2507","MyKit","MyKit førstehjælpssæt til rejser","1Z250708"
"1Z2508","MyKit","MyKit Plus-førstehjælpssæt til rejser","1Z250801"
"1Z2508","MyKit","MyKit Plus-førstehjælpssæt til rejser","1Z250802"
"1Z2508","MyKit","MyKit Plus-førstehjælpssæt til rejser","1Z250803"
"1Z2508","MyKit","MyKit Plus-førstehjælpssæt til rejser","1Z250804"
"1Z2508","MyKit","MyKit Plus-førstehjælpssæt til rejser","1Z250805"
"1Z2508","MyKit","MyKit Plus-førstehjælpssæt til rejser","1Z250806"
"1Z2508","MyKit","MyKit Plus-førstehjælpssæt til rejser","1Z250807"
"1Z2508","MyKit","MyKit Plus-førstehjælpssæt til rejser","1Z250808"
"1Z2512","MyKit","MyKit rejsesæt ","1Z251201"
"1Z2512","MyKit","MyKit rejsesæt ","1Z251202"
"1Z2512","MyKit","MyKit rejsesæt ","1Z251203"
"1Z2512","MyKit","MyKit rejsesæt ","1Z251204"
"1Z2512","MyKit","MyKit rejsesæt ","1Z251205"
"1Z2512","MyKit","MyKit rejsesæt ","1Z251206"
"1Z2512","MyKit","MyKit rejsesæt ","1Z251207"
"1Z2512","MyKit","MyKit rejsesæt ","1Z251208"
"1Z2514","MyKit","MyKit førstehjælpssæt mod bid og stik","1Z251401"
"1Z2514","MyKit","MyKit førstehjælpssæt mod bid og stik","1Z251402"
"1Z2514","MyKit","MyKit førstehjælpssæt mod bid og stik","1Z251403"
"1Z2514","MyKit","MyKit førstehjælpssæt mod bid og stik","1Z251404"
"1Z2514","MyKit","MyKit førstehjælpssæt mod bid og stik","1Z251405"
"1Z2514","MyKit","MyKit førstehjælpssæt mod bid og stik","1Z251406"
"1Z2514","MyKit","MyKit førstehjælpssæt mod bid og stik","1Z251407"
"1Z2514","MyKit","MyKit førstehjælpssæt mod bid og stik","1Z251408"
"1Z2515","MyKit","MyKit førstehjælpssæt til kæledyr","1Z251501"
"1Z2515","MyKit","MyKit førstehjælpssæt til kæledyr","1Z251502"
"1Z2515","MyKit","MyKit førstehjælpssæt til kæledyr","1Z251503"
"1Z2515","MyKit","MyKit førstehjælpssæt til kæledyr","1Z251504"
"1Z2515","MyKit","MyKit førstehjælpssæt til kæledyr","1Z251505"
"1Z2515","MyKit","MyKit førstehjælpssæt til kæledyr","1Z251506"
"1Z2515","MyKit","MyKit førstehjælpssæt til kæledyr","1Z251507"
"1Z2515","MyKit","MyKit førstehjælpssæt til kæledyr","1Z251508"
"1Z2516","MyKit","MyKit førstehjælpssæt mod flåter","1Z251601"
"1Z2516","MyKit","MyKit førstehjælpssæt mod flåter","1Z251602"
"1Z2516","MyKit","MyKit førstehjælpssæt mod flåter","1Z251603"
"1Z2516","MyKit","MyKit førstehjælpssæt mod flåter","1Z251604"
"1Z2516","MyKit","MyKit førstehjælpssæt mod flåter","1Z251605"
"1Z2516","MyKit","MyKit førstehjælpssæt mod flåter","1Z251606"
"1Z2516","MyKit","MyKit førstehjælpssæt mod flåter","1Z251607"
"1Z2516","MyKit","MyKit førstehjælpssæt mod flåter","1Z251608"
"1Z2520","MyKit","MyKit førstehjælpssæt til sport","1Z252001"
"1Z2520","MyKit","MyKit førstehjælpssæt til sport","1Z252002"
"1Z2520","MyKit","MyKit førstehjælpssæt til sport","1Z252003"
"1Z2520","MyKit","MyKit førstehjælpssæt til sport","1Z252004"
"1Z2520","MyKit","MyKit førstehjælpssæt til sport","1Z252005"
"1Z2520","MyKit","MyKit førstehjælpssæt til sport","1Z252006"
"1Z2520","MyKit","MyKit førstehjælpssæt til sport","1Z252007"
"1Z2520","MyKit","MyKit førstehjælpssæt til sport","1Z252008"
"1Z2526","MyKit","MyKit cykelreparationssæt","1Z252601"
"1Z2526","MyKit","MyKit cykelreparationssæt","1Z252602"
"1Z2526","MyKit","MyKit cykelreparationssæt","1Z252603"
"1Z2526","MyKit","MyKit cykelreparationssæt","1Z252604"
"1Z2526","MyKit","MyKit cykelreparationssæt","1Z252605"
"1Z2526","MyKit","MyKit cykelreparationssæt","1Z252606"
"1Z2526","MyKit","MyKit cykelreparationssæt","1Z252607"
"1Z2526","MyKit","MyKit cykelreparationssæt","1Z252608"
"1Z2527","MyKit","MyKit festival plus","1Z252701"
"1Z2527","MyKit","MyKit festival plus","1Z252702"
"1Z2527","MyKit","MyKit festival plus","1Z252703"
"1Z2527","MyKit","MyKit festival plus","1Z252704"
"1Z2527","MyKit","MyKit festival plus","1Z252705"
"1Z2527","MyKit","MyKit festival plus","1Z252706"
"1Z2527","MyKit","MyKit festival plus","1Z252707"
"1Z2527","MyKit","MyKit festival plus","1Z252708"
"1Z2529","MyKit","MyKit energisæt","1Z252901"
"1Z2529","MyKit","MyKit energisæt","1Z252902"
"1Z2529","MyKit","MyKit energisæt","1Z252903"
"1Z2529","MyKit","MyKit energisæt","1Z252904"
"1Z2529","MyKit","MyKit energisæt","1Z252905"
"1Z2529","MyKit","MyKit energisæt","1Z252906"
"1Z2529","MyKit","MyKit energisæt","1Z252907"
"1Z2529","MyKit","MyKit energisæt","1Z252908"
"1Z2531","MyKit","MyKit DIN-førstehjælpsboks","1Z253101"
"1Z2531","MyKit","MyKit DIN-førstehjælpsboks","1Z253102"
"1Z2531","MyKit","MyKit DIN-førstehjælpsboks","1Z253103"
"1Z2531","MyKit","MyKit DIN-førstehjælpsboks","1Z253104"
"1Z2531","MyKit","MyKit DIN-førstehjælpsboks","1Z253105"
"1Z2531","MyKit","MyKit DIN-førstehjælpsboks","1Z253106"
"1Z2531","MyKit","MyKit DIN-førstehjælpsboks","1Z253107"
"1Z2531","MyKit","MyKit DIN-førstehjælpsboks","1Z253108"
"1Z2550","MyKit","MiniKit festivalsæt","1Z255001"
"1Z2550","MyKit","MiniKit festivalsæt","1Z255002"
"1Z2550","MyKit","MiniKit festivalsæt","1Z255003"
"1Z2550","MyKit","MiniKit festivalsæt","1Z255004"
"1Z2550","MyKit","MiniKit festivalsæt","1Z255005"
"1Z2550","MyKit","MiniKit festivalsæt","1Z255006"
"1Z2550","MyKit","MiniKit festivalsæt","1Z255007"
"1Z2550","MyKit","MiniKit festivalsæt","1Z255008"
"1Z2553","MyKit","MiniKit førstehjælp","1Z255301"
"1Z2553","MyKit","MiniKit førstehjælp","1Z255302"
"1Z2553","MyKit","MiniKit førstehjælp","1Z255303"
"1Z2553","MyKit","MiniKit førstehjælp","1Z255304"
"1Z2553","MyKit","MiniKit førstehjælp","1Z255305"
"1Z2553","MyKit","MiniKit førstehjælp","1Z255306"
"1Z2553","MyKit","MiniKit førstehjælp","1Z255307"
"1Z2553","MyKit","MiniKit førstehjælp","1Z255308"
"1Z2554","MyKit","MiniKit Burn","1Z255401"
"1Z2554","MyKit","MiniKit Burn","1Z255402"
"1Z2554","MyKit","MiniKit Burn","1Z255403"
"1Z2554","MyKit","MiniKit Burn","1Z255404"
"1Z2554","MyKit","MiniKit Burn","1Z255405"
"1Z2554","MyKit","MiniKit Burn","1Z255406"
"1Z2554","MyKit","MiniKit Burn","1Z255407"
"1Z2554","MyKit","MiniKit Burn","1Z255408"
"1Z2556","MyKit","MiniKit rejsesæt ","1Z255601"
"1Z2556","MyKit","MiniKit rejsesæt ","1Z255602"
"1Z2556","MyKit","MiniKit rejsesæt ","1Z255603"
"1Z2556","MyKit","MiniKit rejsesæt ","1Z255604"
"1Z2556","MyKit","MiniKit rejsesæt ","1Z255605"
"1Z2556","MyKit","MiniKit rejsesæt ","1Z255606"
"1Z2556","MyKit","MiniKit rejsesæt ","1Z255607"
"1Z2556","MyKit","MiniKit rejsesæt ","1Z255608"
"1Z2561","MyKit","MiniKit plastre","1Z256101"
"1Z2561","MyKit","MiniKit plastre","1Z256102"
"1Z2561","MyKit","MiniKit plastre","1Z256103"
"1Z2561","MyKit","MiniKit plastre","1Z256104"
"1Z2561","MyKit","MiniKit plastre","1Z256105"
"1Z2561","MyKit","MiniKit plastre","1Z256106"
"1Z2561","MyKit","MiniKit plastre","1Z256107"
"1Z2561","MyKit","MiniKit plastre","1Z256108"
"1Z2575","MyKit","MyKit beskyttelsessæt","1Z257500"
"1Z2575","MyKit","MyKit beskyttelsessæt","1Z257511"
"1Z2575","MyKit","MyKit beskyttelsessæt","1Z257521"
"1Z2575","MyKit","MyKit beskyttelsessæt","1Z257531"
"1Z2575","MyKit","MyKit beskyttelsessæt","1Z257541"
"1Z2575","MyKit","MyKit beskyttelsessæt","1Z257552"
"1Z2575","MyKit","MyKit beskyttelsessæt","1Z257561"
"1Z2575","MyKit","MyKit beskyttelsessæt","1Z257590"
"1Z2590","MyKit","MyKit M premium-førstehjælpssæt","1Z259001"
"1Z2590","MyKit","MyKit M premium-førstehjælpssæt","1Z259002"
"1Z2590","MyKit","MyKit M premium-førstehjælpssæt","1Z259003"
"1Z2590","MyKit","MyKit M premium-førstehjælpssæt","1Z259004"
"1Z2590","MyKit","MyKit M premium-førstehjælpssæt","1Z259005"
"1Z2590","MyKit","MyKit M premium-førstehjælpssæt","1Z259006"
"1Z2590","MyKit","MyKit M premium-førstehjælpssæt","1Z259007"
"1Z2590","MyKit","MyKit M premium-førstehjælpssæt","1Z259008"
"1Z2591","MyKit","MyKit M juniortrafiksikkerhedssæt","1Z259101"
"1Z2591","MyKit","MyKit M juniortrafiksikkerhedssæt","1Z259102"
"1Z2591","MyKit","MyKit M juniortrafiksikkerhedssæt","1Z259103"
"1Z2591","MyKit","MyKit M juniortrafiksikkerhedssæt","1Z259104"
"1Z2591","MyKit","MyKit M juniortrafiksikkerhedssæt","1Z259105"
"1Z2591","MyKit","MyKit M juniortrafiksikkerhedssæt","1Z259106"
"1Z2591","MyKit","MyKit M juniortrafiksikkerhedssæt","1Z259107"
"1Z2591","MyKit","MyKit M juniortrafiksikkerhedssæt","1Z259108"
"1Z2603","MyKit","MyKit Aktiv livsstil","1Z260301"
"1Z2603","MyKit","MyKit Aktiv livsstil","1Z260311"
"1Z2603","MyKit","MyKit Aktiv livsstil","1Z260331"
"1Z2603","MyKit","MyKit Aktiv livsstil","1Z260341"
"1Z2603","MyKit","MyKit Aktiv livsstil","1Z260390"
"1Z2603","MyKit","MyKit Aktiv livsstil","1Z260391"
"1Z2603","MyKit","MyKit Aktiv livsstil","1Z260392"
"1Z2603","MyKit","MyKit Aktiv livsstil","1Z260393"
"1Z2605","MyKit","MyKit Førstehjælp med papirpose til en aktiv livsstil","1Z260501"
"1Z2605","MyKit","MyKit Førstehjælp med papirpose til en aktiv livsstil","1Z260506"
"1Z2606","MyKit","MyKit førstehjælpssæt mod flåter i papiretui","1Z260601"
"1Z2606","MyKit","MyKit førstehjælpssæt mod flåter i papiretui","1Z260606"
"1Z2607","MyKit","MyKit førstehjælpssæt til rejser i papiretui","1Z260701"
"1Z2607","MyKit","MyKit førstehjælpssæt til rejser i papiretui","1Z260706"
"1Z2608","MyKit","MyKit Plus-førstehjælpssæt til rejser i papiretui","1Z260801"
"1Z2608","MyKit","MyKit Plus-førstehjælpssæt til rejser i papiretui","1Z260806"
"1Z2609","MyKit","MyKit førstehjælpsboks til arbejdspladsen i papiretui","1Z260901"
"1Z2609","MyKit","MyKit førstehjælpsboks til arbejdspladsen i papiretui","1Z260906"
"1Z2610","MyKit","MyKit cykelreparationssæt i papiretui","1Z261001"
"1Z2610","MyKit","MyKit cykelreparationssæt i papiretui","1Z261006"
"1Z2611","MyKit","MyKit førstehjælpssæt mod bid og stik i papiretui","1Z261101"
"1Z2611","MyKit","MyKit førstehjælpssæt mod bid og stik i papiretui","1Z261106"
"1Z2612","MyKit","MyKit førstehjælpssæt til bil i papiretui","1Z261201"
"1Z2612","MyKit","MyKit førstehjælpssæt til bil i papiretui","1Z261206"
"1Z2613","MyKit","MyKit energisæt i papiretui","1Z261301"
"1Z2613","MyKit","MyKit energisæt i papiretui","1Z261306"
"1Z2614","MyKit","MyKit festival plus i papiretui","1Z261401"
"1Z2614","MyKit","MyKit festival plus i papiretui","1Z261406"
"1Z2615","MyKit","MyKit førstehjælpsboks i papiretui","1Z261501"
"1Z2615","MyKit","MyKit førstehjælpsboks i papiretui","1Z261506"
"1Z2617","MyKit","MyKit Rejsesæt til børn med papirpose","1Z261701"
"1Z2617","MyKit","MyKit Rejsesæt til børn med papirpose","1Z261706"
"1Z2619","MyKit","MyKit rejsesæt i papiretui","1Z261901"
"1Z2619","MyKit","MyKit rejsesæt i papiretui","1Z261906"
"1Z2620","MyKit","MyKit førstehjælpssæt til kæledyr i papiretui","1Z262001"
"1Z2620","MyKit","MyKit førstehjælpssæt til kæledyr i papiretui","1Z262006"
"1Z2621","MyKit","MyKit beskyttelsessæt i papiretui","1Z262101"
"1Z2621","MyKit","MyKit beskyttelsessæt i papiretui","1Z262106"
"1Z2622","MyKit","MyKit førstehjælpssæt til sport i papiretui","1Z262201"
"1Z2622","MyKit","MyKit førstehjælpssæt til sport i papiretui","1Z262206"
"1Z2623","MyKit","MiniKit Burn i papiretui","1Z262301"
"1Z2623","MyKit","MiniKit Burn i papiretui","1Z262306"
"1Z2624","MyKit","MiniKit festivalsæt i papiretui","1Z262401"
"1Z2624","MyKit","MiniKit festivalsæt i papiretui","1Z262406"
"1Z2625","MyKit","MiniKit førstehjælp i papiretui","1Z262501"
"1Z2625","MyKit","MiniKit førstehjælp i papiretui","1Z262506"
"1Z2626","MyKit","MiniKit rejsesæt i papiretui","1Z262601"
"1Z2626","MyKit","MiniKit rejsesæt i papiretui","1Z262606"
"1Z2627","MyKit","MiniKit plastre i papiretui","1Z262701"
"1Z2627","MyKit","MiniKit plastre i papiretui","1Z262706"
"1Z2629","MyKit","MyKit Rejsesæt til børn","1Z262901"
"1Z2629","MyKit","MyKit Rejsesæt til børn","1Z262911"
"1Z2629","MyKit","MyKit Rejsesæt til børn","1Z262921"
"1Z2629","MyKit","MyKit Rejsesæt til børn","1Z262931"
"1Z2629","MyKit","MyKit Rejsesæt til børn","1Z262941"
"1Z2629","MyKit","MyKit Rejsesæt til børn","1Z262952"
"1Z2629","MyKit","MyKit Rejsesæt til børn","1Z262961"
"1Z2629","MyKit","MyKit Rejsesæt til børn","1Z262990"
"1Z2631","MyKit","MyKit førstehjælpssæt i blikdåse","1Z263111"
"1Z2631","MyKit","MyKit førstehjælpssæt i blikdåse","1Z263121"
"1Z2631","MyKit","MyKit førstehjælpssæt i blikdåse","1Z263152"
"1Z2631","MyKit","MyKit førstehjælpssæt i blikdåse","1Z263161"
"1Z2631","MyKit","MyKit førstehjælpssæt i blikdåse","1Z263190"
"1Z2632","MyKit","MyKit førstehjælpssæt i blikdåse til bil","1Z263201"
"1Z2632","MyKit","MyKit førstehjælpssæt i blikdåse til bil","1Z263211"
"1Z2632","MyKit","MyKit førstehjælpssæt i blikdåse til bil","1Z263221"
"1Z2632","MyKit","MyKit førstehjælpssæt i blikdåse til bil","1Z263252"
"1Z2632","MyKit","MyKit førstehjælpssæt i blikdåse til bil","1Z263261"
"1Z2632","MyKit","MyKit førstehjælpssæt i blikdåse til bil","1Z263290"
"1Z2633","MyKit","MyKit førstehjælpssæt i blikdåse til kæledyr","1Z263301"
"1Z2633","MyKit","MyKit førstehjælpssæt i blikdåse til kæledyr","1Z263311"
"1Z2633","MyKit","MyKit førstehjælpssæt i blikdåse til kæledyr","1Z263321"
"1Z2633","MyKit","MyKit førstehjælpssæt i blikdåse til kæledyr","1Z263352"
"1Z2633","MyKit","MyKit førstehjælpssæt i blikdåse til kæledyr","1Z263361"
"1Z2633","MyKit","MyKit førstehjælpssæt i blikdåse til kæledyr","1Z263390"
"1Z2635","MyKit","MyKit cykelreparationssæt i blikdåse","1Z263501"
"1Z2635","MyKit","MyKit cykelreparationssæt i blikdåse","1Z263511"
"1Z2635","MyKit","MyKit cykelreparationssæt i blikdåse","1Z263521"
"1Z2635","MyKit","MyKit cykelreparationssæt i blikdåse","1Z263552"
"1Z2635","MyKit","MyKit cykelreparationssæt i blikdåse","1Z263561"
"1Z2635","MyKit","MyKit cykelreparationssæt i blikdåse","1Z263590"
"1Z272","Graid™","10 stk. plaster, der kan tilpasses, med kuvert af kraftpapir med fuldfarvetryk","1Z272010"
"1Z273","Graid™","5 stk. plaster, der kan tilpasses, med en kuvert i kraftpapir med fuldfarvetryk","1Z273010"
"1Z274","Graid™","3 stk. plaster, der kan tilpasses, med farvetrykt kuvert i kraftpapir","1Z274010"
"1Z275","Graid™","10 stk. plaster med papirpose med tryk i fuld farve","1Z275011"
"1Z275","Graid™","10 stk. plaster med papirpose med tryk i fuld farve","1Z275012"
"1Z275","Graid™","10 stk. plaster med papirpose med tryk i fuld farve","1Z275013"
"1Z275","Graid™","10 stk. plaster med papirpose med tryk i fuld farve","1Z275014"
"1Z275","Graid™","10 stk. plaster med papirpose med tryk i fuld farve","1Z275016"
"1Z275","Graid™","10 stk. plaster med papirpose med tryk i fuld farve","1Z275017"
"1Z275","Graid™","10 stk. plaster med papirpose med tryk i fuld farve","1Z275061"
"1Z275","Graid™","10 stk. plaster med papirpose med tryk i fuld farve","1Z275062"
"1Z275","Graid™","10 stk. plaster med papirpose med tryk i fuld farve","1Z275063"
"1Z275","Graid™","10 stk. plaster med papirpose med tryk i fuld farve","1Z275064"
"1Z275","Graid™","10 stk. plaster med papirpose med tryk i fuld farve","1Z275066"
"1Z275","Graid™","10 stk. plaster med papirpose med tryk i fuld farve","1Z275067"
"1Z276","Graid™","3 stk. plaster med farvetrykt minipapirkuvert","1Z276011"
"1Z276","Graid™","3 stk. plaster med farvetrykt minipapirkuvert","1Z276012"
"1Z276","Graid™","3 stk. plaster med farvetrykt minipapirkuvert","1Z276013"
"1Z276","Graid™","3 stk. plaster med farvetrykt minipapirkuvert","1Z276014"
"1Z276","Graid™","3 stk. plaster med farvetrykt minipapirkuvert","1Z276016"
"1Z276","Graid™","3 stk. plaster med farvetrykt minipapirkuvert","1Z276017"
"1Z277","Graid™","5 stk. plaster med farvetrykt papirkuvert","1Z277011"
"1Z277","Graid™","5 stk. plaster med farvetrykt papirkuvert","1Z277012"
"1Z277","Graid™","5 stk. plaster med farvetrykt papirkuvert","1Z277013"
"1Z277","Graid™","5 stk. plaster med farvetrykt papirkuvert","1Z277014"
"1Z277","Graid™","5 stk. plaster med farvetrykt papirkuvert","1Z277016"
"1Z277","Graid™","5 stk. plaster med farvetrykt papirkuvert","1Z277017"
"1Z278","Graid™","10 stk. plaster med trykt papirkuvert i fuld farve","1Z278011"
"1Z278","Graid™","10 stk. plaster med trykt papirkuvert i fuld farve","1Z278012"
"1Z278","Graid™","10 stk. plaster med trykt papirkuvert i fuld farve","1Z278013"
"1Z278","Graid™","10 stk. plaster med trykt papirkuvert i fuld farve","1Z278014"
"1Z278","Graid™","10 stk. plaster med trykt papirkuvert i fuld farve","1Z278016"
"1Z278","Graid™","10 stk. plaster med trykt papirkuvert i fuld farve","1Z278017"
"1Z279","Graid™","10 stk. plaster, der kan tilpasses, med papirpose med fuldfarvetryk","1Z279010"
"1Z279","Graid™","10 stk. plaster, der kan tilpasses, med papirpose med fuldfarvetryk","1Z279060"
"1Z3036","Unbranded","usb, clé usb, mémoire, clé, données, stockage","1Z30360G"
"1Z3036","Unbranded","usb, clé usb, mémoire, clé, données, stockage","1Z30360H"
"1Z3036","Unbranded","usb, clé usb, mémoire, clé, données, stockage","1Z30360K"
"1Z3036","Unbranded","usb, clé usb, mémoire, clé, données, stockage","1Z30360L"
"1Z3041","Unbranded","USB Armbånd","1Z30410D"
"1Z3041","Unbranded","USB Armbånd","1Z30410F"
"1Z3041","Unbranded","USB Armbånd","1Z30410G"
"1Z3041","Unbranded","USB Armbånd","1Z30410H"
"1Z3041","Unbranded","USB Armbånd","1Z30410K"
"1Z3041","Unbranded","USB Armbånd","1Z30410L"
"1Z3041","Unbranded","USB Armbånd","1Z30411D"
"1Z3041","Unbranded","USB Armbånd","1Z30411F"
"1Z3041","Unbranded","USB Armbånd","1Z30411G"
"1Z3041","Unbranded","USB Armbånd","1Z30411H"
"1Z3041","Unbranded","USB Armbånd","1Z30411K"
"1Z3041","Unbranded","USB Armbånd","1Z30411L"
"1Z3041","Unbranded","USB Armbånd","1Z30412D"
"1Z3041","Unbranded","USB Armbånd","1Z30412F"
"1Z3041","Unbranded","USB Armbånd","1Z30412G"
"1Z3041","Unbranded","USB Armbånd","1Z30412H"
"1Z3041","Unbranded","USB Armbånd","1Z30412K"
"1Z3041","Unbranded","USB Armbånd","1Z30412L"
"1Z3041","Unbranded","USB Armbånd","1Z30413D"
"1Z3041","Unbranded","USB Armbånd","1Z30413F"
"1Z3041","Unbranded","USB Armbånd","1Z30413G"
"1Z3041","Unbranded","USB Armbånd","1Z30413H"
"1Z3041","Unbranded","USB Armbånd","1Z30413K"
"1Z3041","Unbranded","USB Armbånd","1Z30413L"
"1Z3041","Unbranded","USB Armbånd","1Z30414D"
"1Z3041","Unbranded","USB Armbånd","1Z30414F"
"1Z3041","Unbranded","USB Armbånd","1Z30414G"
"1Z3041","Unbranded","USB Armbånd","1Z30414H"
"1Z3041","Unbranded","USB Armbånd","1Z30414K"
"1Z3041","Unbranded","USB Armbånd","1Z30414L"
"1Z30461","Unbranded","USB kreditkort slim","1Z30461D"
"1Z30461","Unbranded","USB kreditkort slim","1Z30461F"
"1Z30461","Unbranded","USB kreditkort slim","1Z30461G"
"1Z30461","Unbranded","USB kreditkort slim","1Z30461H"
"1Z30461","Unbranded","USB kreditkort slim","1Z30461K"
"1Z30461","Unbranded","USB kreditkort slim","1Z30461L"
"1Z30461","Unbranded","USB kreditkort slim","1Z30461M"
"1Z30462","Unbranded","USB rund kreditkort","1Z30462D"
"1Z30462","Unbranded","USB rund kreditkort","1Z30462F"
"1Z30462","Unbranded","USB rund kreditkort","1Z30462G"
"1Z30462","Unbranded","USB rund kreditkort","1Z30462H"
"1Z30462","Unbranded","USB rund kreditkort","1Z30462K"
"1Z30462","Unbranded","USB rund kreditkort","1Z30462L"
"1Z30462","Unbranded","USB rund kreditkort","1Z30462M"
"1Z3058","Unbranded","USB Oval","1Z30580G"
"1Z3058","Unbranded","USB Oval","1Z30580H"
"1Z3058","Unbranded","USB Oval","1Z30580K"
"1Z3058","Unbranded","USB Oval","1Z30581G"
"1Z3058","Unbranded","USB Oval","1Z30581H"
"1Z3058","Unbranded","USB Oval","1Z30581K"
"1Z3058","Unbranded","USB Oval","1Z30581L"
"1Z3058","Unbranded","USB Oval","1Z30582G"
"1Z3058","Unbranded","USB Oval","1Z30582H"
"1Z3058","Unbranded","USB Oval","1Z30582K"
"1Z3058","Unbranded","USB Oval","1Z30582L"
"1Z3058","Unbranded","USB Oval","1Z30583G"
"1Z3058","Unbranded","USB Oval","1Z30583H"
"1Z3058","Unbranded","USB Oval","1Z30583K"
"1Z3058","Unbranded","USB Oval","1Z30583L"
"1Z3058","Unbranded","USB Oval","1Z38702G"
"1Z3058","Unbranded","USB Oval","1Z38702H"
"1Z3058","Unbranded","USB Oval","1Z38702K"
"1Z3058","Unbranded","USB Oval","1Z38702L"
"1Z333","Unbranded","USB Key","1Z33390D"
"1Z333","Unbranded","USB Key","1Z33390F"
"1Z333","Unbranded","USB Key","1Z33390G"
"1Z333","Unbranded","USB Key","1Z33390H"
"1Z333","Unbranded","USB Key","1Z33390K"
"1Z333","Unbranded","USB Key","1Z33390L"
"1Z333","Unbranded","USB Key","1Z33390M"
"1Z333","Unbranded","USB Key","1Z33391D"
"1Z333","Unbranded","USB Key","1Z33391F"
"1Z333","Unbranded","USB Key","1Z33391G"
"1Z333","Unbranded","USB Key","1Z33391H"
"1Z333","Unbranded","USB Key","1Z33391K"
"1Z333","Unbranded","USB Key","1Z33391L"
"1Z333","Unbranded","USB Key","1Z33391M"
"1Z333","Unbranded","USB Key","1Z33392D"
"1Z333","Unbranded","USB Key","1Z33392F"
"1Z333","Unbranded","USB Key","1Z33392G"
"1Z333","Unbranded","USB Key","1Z33392H"
"1Z333","Unbranded","USB Key","1Z33392K"
"1Z333","Unbranded","USB Key","1Z33392L"
"1Z333","Unbranded","USB Key","1Z33392M"
"1Z333","Unbranded","USB Key","1Z33393D"
"1Z333","Unbranded","USB Key","1Z33393F"
"1Z333","Unbranded","USB Key","1Z33393G"
"1Z333","Unbranded","USB Key","1Z33393H"
"1Z333","Unbranded","USB Key","1Z33393K"
"1Z333","Unbranded","USB Key","1Z33393L"
"1Z333","Unbranded","USB Key","1Z33393M"
"1Z333","Unbranded","USB Key","1Z33394D"
"1Z333","Unbranded","USB Key","1Z33394F"
"1Z333","Unbranded","USB Key","1Z33394G"
"1Z333","Unbranded","USB Key","1Z33394H"
"1Z333","Unbranded","USB Key","1Z33394K"
"1Z333","Unbranded","USB Key","1Z33394L"
"1Z333","Unbranded","USB Key","1Z33394M"
"1Z333","Unbranded","USB Key","1Z33395D"
"1Z333","Unbranded","USB Key","1Z33395F"
"1Z333","Unbranded","USB Key","1Z33395G"
"1Z333","Unbranded","USB Key","1Z33395H"
"1Z333","Unbranded","USB Key","1Z33395K"
"1Z333","Unbranded","USB Key","1Z33395L"
"1Z333","Unbranded","USB Key","1Z33395M"
"1Z3413","Unbranded","USB Silicon valley","1Z34130D"
"1Z3413","Unbranded","USB Silicon valley","1Z34130F"
"1Z3413","Unbranded","USB Silicon valley","1Z34130G"
"1Z3413","Unbranded","USB Silicon valley","1Z34130H"
"1Z3413","Unbranded","USB Silicon valley","1Z34130K"
"1Z3413","Unbranded","USB Silicon valley","1Z34130L"
"1Z3413","Unbranded","USB Silicon valley","1Z34130M"
"1Z3413","Unbranded","USB Silicon valley","1Z34131D"
"1Z3413","Unbranded","USB Silicon valley","1Z34131F"
"1Z3413","Unbranded","USB Silicon valley","1Z34131G"
"1Z3413","Unbranded","USB Silicon valley","1Z34131H"
"1Z3413","Unbranded","USB Silicon valley","1Z34131K"
"1Z3413","Unbranded","USB Silicon valley","1Z34131L"
"1Z3413","Unbranded","USB Silicon valley","1Z34131M"
"1Z3413","Unbranded","USB Silicon valley","1Z34132D"
"1Z3413","Unbranded","USB Silicon valley","1Z34132F"
"1Z3413","Unbranded","USB Silicon valley","1Z34132G"
"1Z3413","Unbranded","USB Silicon valley","1Z34132H"
"1Z3413","Unbranded","USB Silicon valley","1Z34132K"
"1Z3413","Unbranded","USB Silicon valley","1Z34132L"
"1Z3413","Unbranded","USB Silicon valley","1Z34132M"
"1Z3413","Unbranded","USB Silicon valley","1Z34133D"
"1Z3413","Unbranded","USB Silicon valley","1Z34133F"
"1Z3413","Unbranded","USB Silicon valley","1Z34133G"
"1Z3413","Unbranded","USB Silicon valley","1Z34133H"
"1Z3413","Unbranded","USB Silicon valley","1Z34133K"
"1Z3413","Unbranded","USB Silicon valley","1Z34133L"
"1Z3413","Unbranded","USB Silicon valley","1Z34133M"
"1Z3422","Unbranded","USB Flad","1Z34220D"
"1Z3422","Unbranded","USB Flad","1Z34220F"
"1Z3422","Unbranded","USB Flad","1Z34220G"
"1Z3422","Unbranded","USB Flad","1Z34220H"
"1Z3422","Unbranded","USB Flad","1Z34220K"
"1Z3422","Unbranded","USB Flad","1Z34220L"
"1Z3422","Unbranded","USB Flad","1Z34220M"
"1Z3422","Unbranded","USB Flad","1Z34221D"
"1Z3422","Unbranded","USB Flad","1Z34221F"
"1Z3422","Unbranded","USB Flad","1Z34221G"
"1Z3422","Unbranded","USB Flad","1Z34221H"
"1Z3422","Unbranded","USB Flad","1Z34221K"
"1Z3422","Unbranded","USB Flad","1Z34221L"
"1Z3422","Unbranded","USB Flad","1Z34221M"
"1Z3422","Unbranded","USB Flad","1Z34222D"
"1Z3422","Unbranded","USB Flad","1Z34222F"
"1Z3422","Unbranded","USB Flad","1Z34222G"
"1Z3422","Unbranded","USB Flad","1Z34222H"
"1Z3422","Unbranded","USB Flad","1Z34222K"
"1Z3422","Unbranded","USB Flad","1Z34222L"
"1Z3422","Unbranded","USB Flad","1Z34222M"
"1Z3422","Unbranded","USB Flad","1Z34223D"
"1Z3422","Unbranded","USB Flad","1Z34223F"
"1Z3422","Unbranded","USB Flad","1Z34223G"
"1Z3422","Unbranded","USB Flad","1Z34223H"
"1Z3422","Unbranded","USB Flad","1Z34223K"
"1Z3422","Unbranded","USB Flad","1Z34223L"
"1Z3422","Unbranded","USB Flad","1Z34223M"
"1Z3870","Unbranded","USB Business","1Z38703D"
"1Z3870","Unbranded","USB Business","1Z38703F"
"1Z3870","Unbranded","USB Business","1Z38703G"
"1Z3870","Unbranded","USB Business","1Z38703H"
"1Z3870","Unbranded","USB Business","1Z38703K"
"1Z3870","Unbranded","USB Business","1Z38703L"
"1Z3870","Unbranded","USB Business","1Z39351D"
"1Z3870","Unbranded","USB Business","1Z39351F"
"1Z3870","Unbranded","USB Business","1Z39351G"
"1Z3870","Unbranded","USB Business","1Z39351H"
"1Z3870","Unbranded","USB Business","1Z39351K"
"1Z3870","Unbranded","USB Business","1Z39351L"
"1Z3870","Unbranded","USB Business","1Z39351M"
"1Z3870","Unbranded","USB Business","1Z39352D"
"1Z3870","Unbranded","USB Business","1Z39352F"
"1Z3870","Unbranded","USB Business","1Z39352G"
"1Z3870","Unbranded","USB Business","1Z39352H"
"1Z3870","Unbranded","USB Business","1Z39352K"
"1Z3870","Unbranded","USB Business","1Z39352L"
"1Z3870","Unbranded","USB Business","1Z39352M"
"1Z3870","Unbranded","USB Business","1Z39353D"
"1Z3870","Unbranded","USB Business","1Z39353F"
"1Z3870","Unbranded","USB Business","1Z39353G"
"1Z3870","Unbranded","USB Business","1Z39353H"
"1Z3870","Unbranded","USB Business","1Z39353K"
"1Z3870","Unbranded","USB Business","1Z39353L"
"1Z3870","Unbranded","USB Business","1Z39353M"
"1z3872","Unbranded","USB Mini","1Z38720D"
"1z3872","Unbranded","USB Mini","1Z38720F"
"1z3872","Unbranded","USB Mini","1Z38720G"
"1z3872","Unbranded","USB Mini","1Z38720H"
"1z3872","Unbranded","USB Mini","1Z38720K"
"1z3872","Unbranded","USB Mini","1Z38720L"
"1z3872","Unbranded","USB Mini","1Z38721D"
"1z3872","Unbranded","USB Mini","1Z38721F"
"1z3872","Unbranded","USB Mini","1Z38721G"
"1z3872","Unbranded","USB Mini","1Z38721H"
"1z3872","Unbranded","USB Mini","1Z38721K"
"1z3872","Unbranded","USB Mini","1Z38721L"
"1z3872","Unbranded","USB Mini","1Z38722D"
"1z3872","Unbranded","USB Mini","1Z38722F"
"1z3872","Unbranded","USB Mini","1Z38722G"
"1z3872","Unbranded","USB Mini","1Z38722H"
"1z3872","Unbranded","USB Mini","1Z38722K"
"1z3872","Unbranded","USB Mini","1Z38722L"
"1z3872","Unbranded","USB Mini","1Z38723D"
"1z3872","Unbranded","USB Mini","1Z38723F"
"1z3872","Unbranded","USB Mini","1Z38723G"
"1z3872","Unbranded","USB Mini","1Z38723H"
"1z3872","Unbranded","USB Mini","1Z38723K"
"1z3872","Unbranded","USB Mini","1Z38723L"
"1z3872","Unbranded","USB Mini","1Z38724D"
"1z3872","Unbranded","USB Mini","1Z38724F"
"1z3872","Unbranded","USB Mini","1Z38724G"
"1z3872","Unbranded","USB Mini","1Z38724H"
"1z3872","Unbranded","USB Mini","1Z38724K"
"1z3872","Unbranded","USB Mini","1Z38724L"
"1Z3923","Unbranded","USB Stylus","1Z39230D"
"1Z3923","Unbranded","USB Stylus","1Z39230F"
"1Z3923","Unbranded","USB Stylus","1Z39230G"
"1Z3923","Unbranded","USB Stylus","1Z39230H"
"1Z3923","Unbranded","USB Stylus","1Z39230K"
"1Z3923","Unbranded","USB Stylus","1Z39230L"
"1Z3923","Unbranded","USB Stylus","1Z39230M"
"1Z3923","Unbranded","USB Stylus","1Z39231D"
"1Z3923","Unbranded","USB Stylus","1Z39231F"
"1Z3923","Unbranded","USB Stylus","1Z39231G"
"1Z3923","Unbranded","USB Stylus","1Z39231H"
"1Z3923","Unbranded","USB Stylus","1Z39231K"
"1Z3923","Unbranded","USB Stylus","1Z39231L"
"1Z3923","Unbranded","USB Stylus","1Z39231M"
"1Z3923","Unbranded","USB Stylus","1Z39232D"
"1Z3923","Unbranded","USB Stylus","1Z39232F"
"1Z3923","Unbranded","USB Stylus","1Z39232G"
"1Z3923","Unbranded","USB Stylus","1Z39232H"
"1Z3923","Unbranded","USB Stylus","1Z39232K"
"1Z3923","Unbranded","USB Stylus","1Z39232L"
"1Z3923","Unbranded","USB Stylus","1Z39232M"
"1Z3923","Unbranded","USB Stylus","1Z39233D"
"1Z3923","Unbranded","USB Stylus","1Z39233F"
"1Z3923","Unbranded","USB Stylus","1Z39233G"
"1Z3923","Unbranded","USB Stylus","1Z39233H"
"1Z3923","Unbranded","USB Stylus","1Z39233K"
"1Z3923","Unbranded","USB Stylus","1Z39233L"
"1Z3923","Unbranded","USB Stylus","1Z39233M"
"1Z3927","Unbranded","USB mini Rotate aluminium","1Z39270D"
"1Z3927","Unbranded","USB mini Rotate aluminium","1Z39270F"
"1Z3927","Unbranded","USB mini Rotate aluminium","1Z39270G"
"1Z3927","Unbranded","USB mini Rotate aluminium","1Z39270H"
"1Z3927","Unbranded","USB mini Rotate aluminium","1Z39270K"
"1Z3927","Unbranded","USB mini Rotate aluminium","1Z39270L"
"1Z3927","Unbranded","USB mini Rotate aluminium","1Z39270M"
"1Z3927","Unbranded","USB mini Rotate aluminium","1Z39271D"
"1Z3927","Unbranded","USB mini Rotate aluminium","1Z39271F"
"1Z3927","Unbranded","USB mini Rotate aluminium","1Z39271G"
"1Z3927","Unbranded","USB mini Rotate aluminium","1Z39271H"
"1Z3927","Unbranded","USB mini Rotate aluminium","1Z39271K"
"1Z3927","Unbranded","USB mini Rotate aluminium","1Z39271L"
"1Z3927","Unbranded","USB mini Rotate aluminium","1Z39271M"
"1Z3927","Unbranded","USB mini Rotate aluminium","1Z39272D"
"1Z3927","Unbranded","USB mini Rotate aluminium","1Z39272F"
"1Z3927","Unbranded","USB mini Rotate aluminium","1Z39272G"
"1Z3927","Unbranded","USB mini Rotate aluminium","1Z39272H"
"1Z3927","Unbranded","USB mini Rotate aluminium","1Z39272K"
"1Z3927","Unbranded","USB mini Rotate aluminium","1Z39272L"
"1Z3927","Unbranded","USB mini Rotate aluminium","1Z39272M"
"1Z3927","Unbranded","USB mini Rotate aluminium","1Z39273D"
"1Z3927","Unbranded","USB mini Rotate aluminium","1Z39273F"
"1Z3927","Unbranded","USB mini Rotate aluminium","1Z39273G"
"1Z3927","Unbranded","USB mini Rotate aluminium","1Z39273H"
"1Z3927","Unbranded","USB mini Rotate aluminium","1Z39273K"
"1Z3927","Unbranded","USB mini Rotate aluminium","1Z39273L"
"1Z3927","Unbranded","USB mini Rotate aluminium","1Z39273M"
"1Z3927","Unbranded","USB mini Rotate aluminium","1Z39274D"
"1Z3927","Unbranded","USB mini Rotate aluminium","1Z39274F"
"1Z3927","Unbranded","USB mini Rotate aluminium","1Z39274G"
"1Z3927","Unbranded","USB mini Rotate aluminium","1Z39274H"
"1Z3927","Unbranded","USB mini Rotate aluminium","1Z39274K"
"1Z3927","Unbranded","USB mini Rotate aluminium","1Z39274L"
"1Z3927","Unbranded","USB mini Rotate aluminium","1Z39274M"
"1Z3927","Unbranded","USB mini Rotate aluminium","1Z39275D"
"1Z3927","Unbranded","USB mini Rotate aluminium","1Z39275F"
"1Z3927","Unbranded","USB mini Rotate aluminium","1Z39275G"
"1Z3927","Unbranded","USB mini Rotate aluminium","1Z39275H"
"1Z3927","Unbranded","USB mini Rotate aluminium","1Z39275K"
"1Z3927","Unbranded","USB mini Rotate aluminium","1Z39275L"
"1Z3927","Unbranded","USB mini Rotate aluminium","1Z39275M"
"1Z4000","Unbranded","USB Rotate med nøglering","1Z40000D"
"1Z4000","Unbranded","USB Rotate med nøglering","1Z40000F"
"1Z4000","Unbranded","USB Rotate med nøglering","1Z40000G"
"1Z4000","Unbranded","USB Rotate med nøglering","1Z40000H"
"1Z4000","Unbranded","USB Rotate med nøglering","1Z40000K"
"1Z4000","Unbranded","USB Rotate med nøglering","1Z40000L"
"1Z4000","Unbranded","USB Rotate med nøglering","1Z40000M"
"1Z4000","Unbranded","USB Rotate med nøglering","1Z40001D"
"1Z4000","Unbranded","USB Rotate med nøglering","1Z40001F"
"1Z4000","Unbranded","USB Rotate med nøglering","1Z40001G"
"1Z4000","Unbranded","USB Rotate med nøglering","1Z40001H"
"1Z4000","Unbranded","USB Rotate med nøglering","1Z40001K"
"1Z4000","Unbranded","USB Rotate med nøglering","1Z40001L"
"1Z4000","Unbranded","USB Rotate med nøglering","1Z40001M"
"1Z4000","Unbranded","USB Rotate med nøglering","1Z40002D"
"1Z4000","Unbranded","USB Rotate med nøglering","1Z40002F"
"1Z4000","Unbranded","USB Rotate med nøglering","1Z40002G"
"1Z4000","Unbranded","USB Rotate med nøglering","1Z40002H"
"1Z4000","Unbranded","USB Rotate med nøglering","1Z40002K"
"1Z4000","Unbranded","USB Rotate med nøglering","1Z40002L"
"1Z4000","Unbranded","USB Rotate med nøglering","1Z40002M"
"1Z4000","Unbranded","USB Rotate med nøglering","1Z40003D"
"1Z4000","Unbranded","USB Rotate med nøglering","1Z40003F"
"1Z4000","Unbranded","USB Rotate med nøglering","1Z40003G"
"1Z4000","Unbranded","USB Rotate med nøglering","1Z40003H"
"1Z4000","Unbranded","USB Rotate med nøglering","1Z40003K"
"1Z4000","Unbranded","USB Rotate med nøglering","1Z40003L"
"1Z4000","Unbranded","USB Rotate med nøglering","1Z40003M"
"1Z4000","Unbranded","USB Rotate med nøglering","1Z40004D"
"1Z4000","Unbranded","USB Rotate med nøglering","1Z40004F"
"1Z4000","Unbranded","USB Rotate med nøglering","1Z40004G"
"1Z4000","Unbranded","USB Rotate med nøglering","1Z40004H"
"1Z4000","Unbranded","USB Rotate med nøglering","1Z40004K"
"1Z4000","Unbranded","USB Rotate med nøglering","1Z40004L"
"1Z4000","Unbranded","USB Rotate med nøglering","1Z40004M"
"1Z4000","Unbranded","USB Rotate med nøglering","1Z40005D"
"1Z4000","Unbranded","USB Rotate med nøglering","1Z40005F"
"1Z4000","Unbranded","USB Rotate med nøglering","1Z40005G"
"1Z4000","Unbranded","USB Rotate med nøglering","1Z40005H"
"1Z4000","Unbranded","USB Rotate med nøglering","1Z40005K"
"1Z4000","Unbranded","USB Rotate med nøglering","1Z40005L"
"1Z4000","Unbranded","USB Rotate med nøglering","1Z40005M"
"1Z4000","Unbranded","USB Rotate med nøglering","1Z40006D"
"1Z4000","Unbranded","USB Rotate med nøglering","1Z40006F"
"1Z4000","Unbranded","USB Rotate med nøglering","1Z40006G"
"1Z4000","Unbranded","USB Rotate med nøglering","1Z40006H"
"1Z4000","Unbranded","USB Rotate med nøglering","1Z40006K"
"1Z4000","Unbranded","USB Rotate med nøglering","1Z40006L"
"1Z4000","Unbranded","USB Rotate med nøglering","1Z40006M"
"1Z4000","Unbranded","USB Rotate med nøglering","1Z40007D"
"1Z4000","Unbranded","USB Rotate med nøglering","1Z40007F"
"1Z4000","Unbranded","USB Rotate med nøglering","1Z40007G"
"1Z4000","Unbranded","USB Rotate med nøglering","1Z40007H"
"1Z4000","Unbranded","USB Rotate med nøglering","1Z40007K"
"1Z4000","Unbranded","USB Rotate med nøglering","1Z40007L"
"1Z4000","Unbranded","USB Rotate med nøglering","1Z40007M"
"1Z4000","Unbranded","USB Rotate med nøglering","1Z40008D"
"1Z4000","Unbranded","USB Rotate med nøglering","1Z40008F"
"1Z4000","Unbranded","USB Rotate med nøglering","1Z40008G"
"1Z4000","Unbranded","USB Rotate med nøglering","1Z40008H"
"1Z4000","Unbranded","USB Rotate med nøglering","1Z40008K"
"1Z4000","Unbranded","USB Rotate med nøglering","1Z40008L"
"1Z4000","Unbranded","USB Rotate med nøglering","1Z40008M"
"1Z4000","Unbranded","USB Rotate med nøglering","1Z40009D"
"1Z4000","Unbranded","USB Rotate med nøglering","1Z40009F"
"1Z4000","Unbranded","USB Rotate med nøglering","1Z40009G"
"1Z4000","Unbranded","USB Rotate med nøglering","1Z40009H"
"1Z4000","Unbranded","USB Rotate med nøglering","1Z40009K"
"1Z4000","Unbranded","USB Rotate med nøglering","1Z40009L"
"1Z4000","Unbranded","USB Rotate med nøglering","1Z40009M"
"1Z4000","Unbranded","USB Rotate med nøglering","1Z40010D"
"1Z4000","Unbranded","USB Rotate med nøglering","1Z40010F"
"1Z4000","Unbranded","USB Rotate med nøglering","1Z40010G"
"1Z4000","Unbranded","USB Rotate med nøglering","1Z40010H"
"1Z4000","Unbranded","USB Rotate med nøglering","1Z40010K"
"1Z4000","Unbranded","USB Rotate med nøglering","1Z40010L"
"1Z4000","Unbranded","USB Rotate med nøglering","1Z40010M"
"1Z4000","Unbranded","USB Rotate med nøglering","1Z40011D"
"1Z4000","Unbranded","USB Rotate med nøglering","1Z40011F"
"1Z4000","Unbranded","USB Rotate med nøglering","1Z40011G"
"1Z4000","Unbranded","USB Rotate med nøglering","1Z40011H"
"1Z4000","Unbranded","USB Rotate med nøglering","1Z40011K"
"1Z4000","Unbranded","USB Rotate med nøglering","1Z40011L"
"1Z4000","Unbranded","USB Rotate med nøglering","1Z40011M"
"1Z4000","Unbranded","USB Rotate med nøglering","1Z40012D"
"1Z4000","Unbranded","USB Rotate med nøglering","1Z40012F"
"1Z4000","Unbranded","USB Rotate med nøglering","1Z40012G"
"1Z4000","Unbranded","USB Rotate med nøglering","1Z40012H"
"1Z4000","Unbranded","USB Rotate med nøglering","1Z40012K"
"1Z4000","Unbranded","USB Rotate med nøglering","1Z40012L"
"1Z4000","Unbranded","USB Rotate med nøglering","1Z40012M"
"1Z4000","Unbranded","USB Rotate med nøglering","1Z40013D"
"1Z4000","Unbranded","USB Rotate med nøglering","1Z40013F"
"1Z4000","Unbranded","USB Rotate med nøglering","1Z40013G"
"1Z4000","Unbranded","USB Rotate med nøglering","1Z40013H"
"1Z4000","Unbranded","USB Rotate med nøglering","1Z40013K"
"1Z4000","Unbranded","USB Rotate med nøglering","1Z40013L"
"1Z4000","Unbranded","USB Rotate med nøglering","1Z40013M"
"1Z4100","Unbranded","USB Rotate uden nøglering","1Z41000D"
"1Z4100","Unbranded","USB Rotate uden nøglering","1Z41000F"
"1Z4100","Unbranded","USB Rotate uden nøglering","1Z41000G"
"1Z4100","Unbranded","USB Rotate uden nøglering","1Z41000H"
"1Z4100","Unbranded","USB Rotate uden nøglering","1Z41000K"
"1Z4100","Unbranded","USB Rotate uden nøglering","1Z41000L"
"1Z4100","Unbranded","USB Rotate uden nøglering","1Z41000M"
"1Z4100","Unbranded","USB Rotate uden nøglering","1Z41001D"
"1Z4100","Unbranded","USB Rotate uden nøglering","1Z41001F"
"1Z4100","Unbranded","USB Rotate uden nøglering","1Z41001G"
"1Z4100","Unbranded","USB Rotate uden nøglering","1Z41001H"
"1Z4100","Unbranded","USB Rotate uden nøglering","1Z41001K"
"1Z4100","Unbranded","USB Rotate uden nøglering","1Z41001L"
"1Z4100","Unbranded","USB Rotate uden nøglering","1Z41001M"
"1Z4100","Unbranded","USB Rotate uden nøglering","1Z41002D"
"1Z4100","Unbranded","USB Rotate uden nøglering","1Z41002F"
"1Z4100","Unbranded","USB Rotate uden nøglering","1Z41002G"
"1Z4100","Unbranded","USB Rotate uden nøglering","1Z41002H"
"1Z4100","Unbranded","USB Rotate uden nøglering","1Z41002K"
"1Z4100","Unbranded","USB Rotate uden nøglering","1Z41002L"
"1Z4100","Unbranded","USB Rotate uden nøglering","1Z41002M"
"1Z4100","Unbranded","USB Rotate uden nøglering","1Z41003D"
"1Z4100","Unbranded","USB Rotate uden nøglering","1Z41003F"
"1Z4100","Unbranded","USB Rotate uden nøglering","1Z41003G"
"1Z4100","Unbranded","USB Rotate uden nøglering","1Z41003H"
"1Z4100","Unbranded","USB Rotate uden nøglering","1Z41003K"
"1Z4100","Unbranded","USB Rotate uden nøglering","1Z41003L"
"1Z4100","Unbranded","USB Rotate uden nøglering","1Z41003M"
"1Z4100","Unbranded","USB Rotate uden nøglering","1Z41004D"
"1Z4100","Unbranded","USB Rotate uden nøglering","1Z41004F"
"1Z4100","Unbranded","USB Rotate uden nøglering","1Z41004G"
"1Z4100","Unbranded","USB Rotate uden nøglering","1Z41004H"
"1Z4100","Unbranded","USB Rotate uden nøglering","1Z41004K"
"1Z4100","Unbranded","USB Rotate uden nøglering","1Z41004L"
"1Z4100","Unbranded","USB Rotate uden nøglering","1Z41004M"
"1Z4100","Unbranded","USB Rotate uden nøglering","1Z41005D"
"1Z4100","Unbranded","USB Rotate uden nøglering","1Z41005F"
"1Z4100","Unbranded","USB Rotate uden nøglering","1Z41005G"
"1Z4100","Unbranded","USB Rotate uden nøglering","1Z41005H"
"1Z4100","Unbranded","USB Rotate uden nøglering","1Z41005K"
"1Z4100","Unbranded","USB Rotate uden nøglering","1Z41005L"
"1Z4100","Unbranded","USB Rotate uden nøglering","1Z41005M"
"1Z4100","Unbranded","USB Rotate uden nøglering","1Z41006D"
"1Z4100","Unbranded","USB Rotate uden nøglering","1Z41006F"
"1Z4100","Unbranded","USB Rotate uden nøglering","1Z41006G"
"1Z4100","Unbranded","USB Rotate uden nøglering","1Z41006H"
"1Z4100","Unbranded","USB Rotate uden nøglering","1Z41006K"
"1Z4100","Unbranded","USB Rotate uden nøglering","1Z41006L"
"1Z4100","Unbranded","USB Rotate uden nøglering","1Z41006M"
"1Z4100","Unbranded","USB Rotate uden nøglering","1Z41007D"
"1Z4100","Unbranded","USB Rotate uden nøglering","1Z41007F"
"1Z4100","Unbranded","USB Rotate uden nøglering","1Z41007G"
"1Z4100","Unbranded","USB Rotate uden nøglering","1Z41007H"
"1Z4100","Unbranded","USB Rotate uden nøglering","1Z41007K"
"1Z4100","Unbranded","USB Rotate uden nøglering","1Z41007L"
"1Z4100","Unbranded","USB Rotate uden nøglering","1Z41007M"
"1Z4100","Unbranded","USB Rotate uden nøglering","1Z41008D"
"1Z4100","Unbranded","USB Rotate uden nøglering","1Z41008F"
"1Z4100","Unbranded","USB Rotate uden nøglering","1Z41008G"
"1Z4100","Unbranded","USB Rotate uden nøglering","1Z41008H"
"1Z4100","Unbranded","USB Rotate uden nøglering","1Z41008K"
"1Z4100","Unbranded","USB Rotate uden nøglering","1Z41008L"
"1Z4100","Unbranded","USB Rotate uden nøglering","1Z41008M"
"1Z4100","Unbranded","USB Rotate uden nøglering","1Z41009D"
"1Z4100","Unbranded","USB Rotate uden nøglering","1Z41009F"
"1Z4100","Unbranded","USB Rotate uden nøglering","1Z41009G"
"1Z4100","Unbranded","USB Rotate uden nøglering","1Z41009H"
"1Z4100","Unbranded","USB Rotate uden nøglering","1Z41009K"
"1Z4100","Unbranded","USB Rotate uden nøglering","1Z41009L"
"1Z4100","Unbranded","USB Rotate uden nøglering","1Z41009M"
"1Z4100","Unbranded","USB Rotate uden nøglering","1Z41010D"
"1Z4100","Unbranded","USB Rotate uden nøglering","1Z41010F"
"1Z4100","Unbranded","USB Rotate uden nøglering","1Z41010G"
"1Z4100","Unbranded","USB Rotate uden nøglering","1Z41010H"
"1Z4100","Unbranded","USB Rotate uden nøglering","1Z41010K"
"1Z4100","Unbranded","USB Rotate uden nøglering","1Z41010L"
"1Z4100","Unbranded","USB Rotate uden nøglering","1Z41010M"
"1Z4100","Unbranded","USB Rotate uden nøglering","1Z41011D"
"1Z4100","Unbranded","USB Rotate uden nøglering","1Z41011F"
"1Z4100","Unbranded","USB Rotate uden nøglering","1Z41011G"
"1Z4100","Unbranded","USB Rotate uden nøglering","1Z41011H"
"1Z4100","Unbranded","USB Rotate uden nøglering","1Z41011K"
"1Z4100","Unbranded","USB Rotate uden nøglering","1Z41011L"
"1Z4100","Unbranded","USB Rotate uden nøglering","1Z41011M"
"1Z4100","Unbranded","USB Rotate uden nøglering","1Z41012D"
"1Z4100","Unbranded","USB Rotate uden nøglering","1Z41012F"
"1Z4100","Unbranded","USB Rotate uden nøglering","1Z41012G"
"1Z4100","Unbranded","USB Rotate uden nøglering","1Z41012H"
"1Z4100","Unbranded","USB Rotate uden nøglering","1Z41012K"
"1Z4100","Unbranded","USB Rotate uden nøglering","1Z41012L"
"1Z4100","Unbranded","USB Rotate uden nøglering","1Z41012M"
"1Z4100","Unbranded","USB Rotate uden nøglering","1Z41013D"
"1Z4100","Unbranded","USB Rotate uden nøglering","1Z41013F"
"1Z4100","Unbranded","USB Rotate uden nøglering","1Z41013G"
"1Z4100","Unbranded","USB Rotate uden nøglering","1Z41013H"
"1Z4100","Unbranded","USB Rotate uden nøglering","1Z41013K"
"1Z4100","Unbranded","USB Rotate uden nøglering","1Z41013L"
"1Z4100","Unbranded","USB Rotate uden nøglering","1Z41013M"
"1Z4200","Unbranded","USB Rotate Metallic","1Z42000D"
"1Z4200","Unbranded","USB Rotate Metallic","1Z42000F"
"1Z4200","Unbranded","USB Rotate Metallic","1Z42000G"
"1Z4200","Unbranded","USB Rotate Metallic","1Z42000H"
"1Z4200","Unbranded","USB Rotate Metallic","1Z42000K"
"1Z4200","Unbranded","USB Rotate Metallic","1Z42000L"
"1Z4200","Unbranded","USB Rotate Metallic","1Z42000M"
"1Z4200","Unbranded","USB Rotate Metallic","1Z42002D"
"1Z4200","Unbranded","USB Rotate Metallic","1Z42002F"
"1Z4200","Unbranded","USB Rotate Metallic","1Z42002G"
"1Z4200","Unbranded","USB Rotate Metallic","1Z42002H"
"1Z4200","Unbranded","USB Rotate Metallic","1Z42002K"
"1Z4200","Unbranded","USB Rotate Metallic","1Z42002L"
"1Z4200","Unbranded","USB Rotate Metallic","1Z42002M"
"1Z4200","Unbranded","USB Rotate Metallic","1Z42003D"
"1Z4200","Unbranded","USB Rotate Metallic","1Z42003F"
"1Z4200","Unbranded","USB Rotate Metallic","1Z42003G"
"1Z4200","Unbranded","USB Rotate Metallic","1Z42003H"
"1Z4200","Unbranded","USB Rotate Metallic","1Z42003K"
"1Z4200","Unbranded","USB Rotate Metallic","1Z42003L"
"1Z4200","Unbranded","USB Rotate Metallic","1Z42003M"
"1Z4200","Unbranded","USB Rotate Metallic","1Z42004D"
"1Z4200","Unbranded","USB Rotate Metallic","1Z42004F"
"1Z4200","Unbranded","USB Rotate Metallic","1Z42004G"
"1Z4200","Unbranded","USB Rotate Metallic","1Z42004H"
"1Z4200","Unbranded","USB Rotate Metallic","1Z42004K"
"1Z4200","Unbranded","USB Rotate Metallic","1Z42004L"
"1Z4200","Unbranded","USB Rotate Metallic","1Z42004M"
"1Z4200","Unbranded","USB Rotate Metallic","1Z42008D"
"1Z4200","Unbranded","USB Rotate Metallic","1Z42008F"
"1Z4200","Unbranded","USB Rotate Metallic","1Z42008G"
"1Z4200","Unbranded","USB Rotate Metallic","1Z42008H"
"1Z4200","Unbranded","USB Rotate Metallic","1Z42008K"
"1Z4200","Unbranded","USB Rotate Metallic","1Z42008L"
"1Z4200","Unbranded","USB Rotate Metallic","1Z42008M"
"1Z4200","Unbranded","USB Rotate Metallic","1Z42010D"
"1Z4200","Unbranded","USB Rotate Metallic","1Z42010F"
"1Z4200","Unbranded","USB Rotate Metallic","1Z42010G"
"1Z4200","Unbranded","USB Rotate Metallic","1Z42010H"
"1Z4200","Unbranded","USB Rotate Metallic","1Z42010K"
"1Z4200","Unbranded","USB Rotate Metallic","1Z42010L"
"1Z4200","Unbranded","USB Rotate Metallic","1Z42010M"
"1Z4200","Unbranded","USB Rotate Metallic","1Z42013D"
"1Z4200","Unbranded","USB Rotate Metallic","1Z42013F"
"1Z4200","Unbranded","USB Rotate Metallic","1Z42013G"
"1Z4200","Unbranded","USB Rotate Metallic","1Z42013H"
"1Z4200","Unbranded","USB Rotate Metallic","1Z42013K"
"1Z4200","Unbranded","USB Rotate Metallic","1Z42013L"
"1Z4200","Unbranded","USB Rotate Metallic","1Z42013M"
"1Z4300","Unbranded","USB Rotate med Doming","1Z43000D"
"1Z4300","Unbranded","USB Rotate med Doming","1Z43000F"
"1Z4300","Unbranded","USB Rotate med Doming","1Z43000G"
"1Z4300","Unbranded","USB Rotate med Doming","1Z43000H"
"1Z4300","Unbranded","USB Rotate med Doming","1Z43000K"
"1Z4300","Unbranded","USB Rotate med Doming","1Z43000L"
"1Z4300","Unbranded","USB Rotate med Doming","1Z43000M"
"1Z4300","Unbranded","USB Rotate med Doming","1Z43001D"
"1Z4300","Unbranded","USB Rotate med Doming","1Z43001F"
"1Z4300","Unbranded","USB Rotate med Doming","1Z43001G"
"1Z4300","Unbranded","USB Rotate med Doming","1Z43001H"
"1Z4300","Unbranded","USB Rotate med Doming","1Z43001K"
"1Z4300","Unbranded","USB Rotate med Doming","1Z43001L"
"1Z4300","Unbranded","USB Rotate med Doming","1Z43001M"
"1Z4300","Unbranded","USB Rotate med Doming","1Z43002D"
"1Z4300","Unbranded","USB Rotate med Doming","1Z43002F"
"1Z4300","Unbranded","USB Rotate med Doming","1Z43002G"
"1Z4300","Unbranded","USB Rotate med Doming","1Z43002H"
"1Z4300","Unbranded","USB Rotate med Doming","1Z43002K"
"1Z4300","Unbranded","USB Rotate med Doming","1Z43002L"
"1Z4300","Unbranded","USB Rotate med Doming","1Z43002M"
"1Z4300","Unbranded","USB Rotate med Doming","1Z43003D"
"1Z4300","Unbranded","USB Rotate med Doming","1Z43003F"
"1Z4300","Unbranded","USB Rotate med Doming","1Z43003G"
"1Z4300","Unbranded","USB Rotate med Doming","1Z43003H"
"1Z4300","Unbranded","USB Rotate med Doming","1Z43003K"
"1Z4300","Unbranded","USB Rotate med Doming","1Z43003L"
"1Z4300","Unbranded","USB Rotate med Doming","1Z43003M"
"1Z4300","Unbranded","USB Rotate med Doming","1Z43007D"
"1Z4300","Unbranded","USB Rotate med Doming","1Z43007F"
"1Z4300","Unbranded","USB Rotate med Doming","1Z43007G"
"1Z4300","Unbranded","USB Rotate med Doming","1Z43007H"
"1Z4300","Unbranded","USB Rotate med Doming","1Z43007K"
"1Z4300","Unbranded","USB Rotate med Doming","1Z43007L"
"1Z4300","Unbranded","USB Rotate med Doming","1Z43007M"
"1Z4300","Unbranded","USB Rotate med Doming","1Z43008D"
"1Z4300","Unbranded","USB Rotate med Doming","1Z43008F"
"1Z4300","Unbranded","USB Rotate med Doming","1Z43008G"
"1Z4300","Unbranded","USB Rotate med Doming","1Z43008H"
"1Z4300","Unbranded","USB Rotate med Doming","1Z43008K"
"1Z4300","Unbranded","USB Rotate med Doming","1Z43008L"
"1Z4300","Unbranded","USB Rotate med Doming","1Z43008M"
"1Z4300","Unbranded","USB Rotate med Doming","1Z43010D"
"1Z4300","Unbranded","USB Rotate med Doming","1Z43010F"
"1Z4300","Unbranded","USB Rotate med Doming","1Z43010G"
"1Z4300","Unbranded","USB Rotate med Doming","1Z43010H"
"1Z4300","Unbranded","USB Rotate med Doming","1Z43010K"
"1Z4300","Unbranded","USB Rotate med Doming","1Z43010L"
"1Z4300","Unbranded","USB Rotate med Doming","1Z43010M"
"1Z4300","Unbranded","USB Rotate med Doming","1Z43012D"
"1Z4300","Unbranded","USB Rotate med Doming","1Z43012F"
"1Z4300","Unbranded","USB Rotate med Doming","1Z43012G"
"1Z4300","Unbranded","USB Rotate med Doming","1Z43012H"
"1Z4300","Unbranded","USB Rotate med Doming","1Z43012K"
"1Z4300","Unbranded","USB Rotate med Doming","1Z43012L"
"1Z4300","Unbranded","USB Rotate med Doming","1Z43012M"
"1Z4300","Unbranded","USB Rotate med Doming","1Z43013D"
"1Z4300","Unbranded","USB Rotate med Doming","1Z43013F"
"1Z4300","Unbranded","USB Rotate med Doming","1Z43013G"
"1Z4300","Unbranded","USB Rotate med Doming","1Z43013H"
"1Z4300","Unbranded","USB Rotate med Doming","1Z43013K"
"1Z4300","Unbranded","USB Rotate med Doming","1Z43013L"
"1Z4300","Unbranded","USB Rotate med Doming","1Z43013M"
"1Z4400","Unbranded","USB Rotate transparent","1Z44002D"
"1Z4400","Unbranded","USB Rotate transparent","1Z44002F"
"1Z4400","Unbranded","USB Rotate transparent","1Z44002G"
"1Z4400","Unbranded","USB Rotate transparent","1Z44002H"
"1Z4400","Unbranded","USB Rotate transparent","1Z44002K"
"1Z4400","Unbranded","USB Rotate transparent","1Z44002L"
"1Z4400","Unbranded","USB Rotate transparent","1Z44002M"
"1Z4400","Unbranded","USB Rotate transparent","1Z44003D"
"1Z4400","Unbranded","USB Rotate transparent","1Z44003F"
"1Z4400","Unbranded","USB Rotate transparent","1Z44003G"
"1Z4400","Unbranded","USB Rotate transparent","1Z44003H"
"1Z4400","Unbranded","USB Rotate transparent","1Z44003K"
"1Z4400","Unbranded","USB Rotate transparent","1Z44003L"
"1Z4400","Unbranded","USB Rotate transparent","1Z44003M"
"1Z4400","Unbranded","USB Rotate transparent","1Z44007D"
"1Z4400","Unbranded","USB Rotate transparent","1Z44007F"
"1Z4400","Unbranded","USB Rotate transparent","1Z44007G"
"1Z4400","Unbranded","USB Rotate transparent","1Z44007H"
"1Z4400","Unbranded","USB Rotate transparent","1Z44007K"
"1Z4400","Unbranded","USB Rotate transparent","1Z44007L"
"1Z4400","Unbranded","USB Rotate transparent","1Z44007M"
"1Z4400","Unbranded","USB Rotate transparent","1Z44010D"
"1Z4400","Unbranded","USB Rotate transparent","1Z44010F"
"1Z4400","Unbranded","USB Rotate transparent","1Z44010G"
"1Z4400","Unbranded","USB Rotate transparent","1Z44010H"
"1Z4400","Unbranded","USB Rotate transparent","1Z44010K"
"1Z4400","Unbranded","USB Rotate transparent","1Z44010L"
"1Z4400","Unbranded","USB Rotate transparent","1Z44010M"
"1Z4400","Unbranded","USB Rotate transparent","1Z44014D"
"1Z4400","Unbranded","USB Rotate transparent","1Z44014F"
"1Z4400","Unbranded","USB Rotate transparent","1Z44014G"
"1Z4400","Unbranded","USB Rotate transparent","1Z44014H"
"1Z4400","Unbranded","USB Rotate transparent","1Z44014K"
"1Z4400","Unbranded","USB Rotate transparent","1Z44014L"
"1Z4600","Unbranded","USB Swivel square","1Z46000D"
"1Z4600","Unbranded","USB Swivel square","1Z46000F"
"1Z4600","Unbranded","USB Swivel square","1Z46000G"
"1Z4600","Unbranded","USB Swivel square","1Z46000H"
"1Z4600","Unbranded","USB Swivel square","1Z46000K"
"1Z4600","Unbranded","USB Swivel square","1Z46000L"
"1Z4600","Unbranded","USB Swivel square","1Z46000M"
"1Z4600","Unbranded","USB Swivel square","1Z46001D"
"1Z4600","Unbranded","USB Swivel square","1Z46001F"
"1Z4600","Unbranded","USB Swivel square","1Z46001G"
"1Z4600","Unbranded","USB Swivel square","1Z46001H"
"1Z4600","Unbranded","USB Swivel square","1Z46001K"
"1Z4600","Unbranded","USB Swivel square","1Z46001L"
"1Z4600","Unbranded","USB Swivel square","1Z46001M"
"1Z4600","Unbranded","USB Swivel square","1Z46002D"
"1Z4600","Unbranded","USB Swivel square","1Z46002F"
"1Z4600","Unbranded","USB Swivel square","1Z46002G"
"1Z4600","Unbranded","USB Swivel square","1Z46002H"
"1Z4600","Unbranded","USB Swivel square","1Z46002K"
"1Z4600","Unbranded","USB Swivel square","1Z46002L"
"1Z4600","Unbranded","USB Swivel square","1Z46002M"
"1Z4600","Unbranded","USB Swivel square","1Z46003D"
"1Z4600","Unbranded","USB Swivel square","1Z46003F"
"1Z4600","Unbranded","USB Swivel square","1Z46003G"
"1Z4600","Unbranded","USB Swivel square","1Z46003H"
"1Z4600","Unbranded","USB Swivel square","1Z46003K"
"1Z4600","Unbranded","USB Swivel square","1Z46003L"
"1Z4600","Unbranded","USB Swivel square","1Z46003M"
"1Z4700","Unbranded","USB Swivel rectangular","1Z47000D"
"1Z4700","Unbranded","USB Swivel rectangular","1Z47000F"
"1Z4700","Unbranded","USB Swivel rectangular","1Z47000G"
"1Z4700","Unbranded","USB Swivel rectangular","1Z47000H"
"1Z4700","Unbranded","USB Swivel rectangular","1Z47000K"
"1Z4700","Unbranded","USB Swivel rectangular","1Z47000L"
"1Z4700","Unbranded","USB Swivel rectangular","1Z47000M"
"1Z4700","Unbranded","USB Swivel rectangular","1Z47001D"
"1Z4700","Unbranded","USB Swivel rectangular","1Z47001F"
"1Z4700","Unbranded","USB Swivel rectangular","1Z47001G"
"1Z4700","Unbranded","USB Swivel rectangular","1Z47001H"
"1Z4700","Unbranded","USB Swivel rectangular","1Z47001K"
"1Z4700","Unbranded","USB Swivel rectangular","1Z47001L"
"1Z4700","Unbranded","USB Swivel rectangular","1Z47001M"
"1Z4700","Unbranded","USB Swivel rectangular","1Z47002D"
"1Z4700","Unbranded","USB Swivel rectangular","1Z47002F"
"1Z4700","Unbranded","USB Swivel rectangular","1Z47002G"
"1Z4700","Unbranded","USB Swivel rectangular","1Z47002H"
"1Z4700","Unbranded","USB Swivel rectangular","1Z47002K"
"1Z4700","Unbranded","USB Swivel rectangular","1Z47002L"
"1Z4700","Unbranded","USB Swivel rectangular","1Z47002M"
"1Z4700","Unbranded","USB Swivel rectangular","1Z47003D"
"1Z4700","Unbranded","USB Swivel rectangular","1Z47003F"
"1Z4700","Unbranded","USB Swivel rectangular","1Z47003G"
"1Z4700","Unbranded","USB Swivel rectangular","1Z47003H"
"1Z4700","Unbranded","USB Swivel rectangular","1Z47003K"
"1Z4700","Unbranded","USB Swivel rectangular","1Z47003L"
"1Z4700","Unbranded","USB Swivel rectangular","1Z47003M"
"1Z481","Unbranded","Flip USB","1Z48101D"
"1Z481","Unbranded","Flip USB","1Z48101F"
"1Z481","Unbranded","Flip USB","1Z48101G"
"1Z481","Unbranded","Flip USB","1Z48101H"
"1Z481","Unbranded","Flip USB","1Z48101K"
"1Z481","Unbranded","Flip USB","1Z48101L"
"1Z481","Unbranded","Flip USB","1Z48101M"
"1Z481","Unbranded","Flip USB","1Z48121D"
"1Z481","Unbranded","Flip USB","1Z48121F"
"1Z481","Unbranded","Flip USB","1Z48121G"
"1Z481","Unbranded","Flip USB","1Z48121H"
"1Z481","Unbranded","Flip USB","1Z48121K"
"1Z481","Unbranded","Flip USB","1Z48121L"
"1Z481","Unbranded","Flip USB","1Z48121M"
"1Z481","Unbranded","Flip USB","1Z48131D"
"1Z481","Unbranded","Flip USB","1Z48131F"
"1Z481","Unbranded","Flip USB","1Z48131G"
"1Z481","Unbranded","Flip USB","1Z48131H"
"1Z481","Unbranded","Flip USB","1Z48131K"
"1Z481","Unbranded","Flip USB","1Z48131L"
"1Z481","Unbranded","Flip USB","1Z48131M"
"1Z481","Unbranded","Flip USB","1Z48152D"
"1Z481","Unbranded","Flip USB","1Z48152F"
"1Z481","Unbranded","Flip USB","1Z48152G"
"1Z481","Unbranded","Flip USB","1Z48152H"
"1Z481","Unbranded","Flip USB","1Z48152K"
"1Z481","Unbranded","Flip USB","1Z48152L"
"1Z481","Unbranded","Flip USB","1Z48152M"
"1Z481","Unbranded","Flip USB","1Z48163D"
"1Z481","Unbranded","Flip USB","1Z48163F"
"1Z481","Unbranded","Flip USB","1Z48163G"
"1Z481","Unbranded","Flip USB","1Z48163H"
"1Z481","Unbranded","Flip USB","1Z48163K"
"1Z481","Unbranded","Flip USB","1Z48163L"
"1Z481","Unbranded","Flip USB","1Z48163M"
"1Z481","Unbranded","Flip USB","1Z48190D"
"1Z481","Unbranded","Flip USB","1Z48190F"
"1Z481","Unbranded","Flip USB","1Z48190G"
"1Z481","Unbranded","Flip USB","1Z48190H"
"1Z481","Unbranded","Flip USB","1Z48190K"
"1Z481","Unbranded","Flip USB","1Z48190L"
"1Z481","Unbranded","Flip USB","1Z48190M"
"1Z483","Unbranded","Rund lysende USB","1Z48352D"
"1Z483","Unbranded","Rund lysende USB","1Z48352F"
"1Z483","Unbranded","Rund lysende USB","1Z48352G"
"1Z483","Unbranded","Rund lysende USB","1Z48352H"
"1Z483","Unbranded","Rund lysende USB","1Z48352K"
"1Z483","Unbranded","Rund lysende USB","1Z48352L"
"1Z483","Unbranded","Rund lysende USB","1Z48352M"
"1Z483","Unbranded","Rund lysende USB","1Z48390D"
"1Z483","Unbranded","Rund lysende USB","1Z48390F"
"1Z483","Unbranded","Rund lysende USB","1Z48390G"
"1Z483","Unbranded","Rund lysende USB","1Z48390H"
"1Z483","Unbranded","Rund lysende USB","1Z48390K"
"1Z483","Unbranded","Rund lysende USB","1Z48390L"
"1Z483","Unbranded","Rund lysende USB","1Z48390M"
"1Z484","Unbranded","Rektangulær lysende USB","1Z48401D"
"1Z484","Unbranded","Rektangulær lysende USB","1Z48401F"
"1Z484","Unbranded","Rektangulær lysende USB","1Z48401G"
"1Z484","Unbranded","Rektangulær lysende USB","1Z48401H"
"1Z484","Unbranded","Rektangulær lysende USB","1Z48401K"
"1Z484","Unbranded","Rektangulær lysende USB","1Z48401L"
"1Z484","Unbranded","Rektangulær lysende USB","1Z48401M"
"1Z484","Unbranded","Rektangulær lysende USB","1Z48490D"
"1Z484","Unbranded","Rektangulær lysende USB","1Z48490F"
"1Z484","Unbranded","Rektangulær lysende USB","1Z48490G"
"1Z484","Unbranded","Rektangulær lysende USB","1Z48490H"
"1Z484","Unbranded","Rektangulær lysende USB","1Z48490K"
"1Z484","Unbranded","Rektangulær lysende USB","1Z48490L"
"1Z484","Unbranded","Rektangulær lysende USB","1Z48490M"
"1Z485","Unbranded","Rektangulært bionedbrydeligt kreditkort-USB","1Z48506D"
"1Z485","Unbranded","Rektangulært bionedbrydeligt kreditkort-USB","1Z48506F"
"1Z485","Unbranded","Rektangulært bionedbrydeligt kreditkort-USB","1Z48506G"
"1Z485","Unbranded","Rektangulært bionedbrydeligt kreditkort-USB","1Z48506H"
"1Z485","Unbranded","Rektangulært bionedbrydeligt kreditkort-USB","1Z48506K"
"1Z485","Unbranded","Rektangulært bionedbrydeligt kreditkort-USB","1Z48506L"
"1Z485","Unbranded","Rektangulært bionedbrydeligt kreditkort-USB","1Z48506M"
"1Z486","Unbranded","Bionedbrydeligt USB","1Z48606D"
"1Z486","Unbranded","Bionedbrydeligt USB","1Z48606F"
"1Z486","Unbranded","Bionedbrydeligt USB","1Z48606G"
"1Z486","Unbranded","Bionedbrydeligt USB","1Z48606H"
"1Z486","Unbranded","Bionedbrydeligt USB","1Z48606K"
"1Z486","Unbranded","Bionedbrydeligt USB","1Z48606L"
"1Z486","Unbranded","Bionedbrydeligt USB","1Z48606M"
"1Z487","Unbranded","Rotate USB i træ","1Z48771D"
"1Z487","Unbranded","Rotate USB i træ","1Z48771F"
"1Z487","Unbranded","Rotate USB i træ","1Z48771G"
"1Z487","Unbranded","Rotate USB i træ","1Z48771H"
"1Z487","Unbranded","Rotate USB i træ","1Z48771K"
"1Z487","Unbranded","Rotate USB i træ","1Z48771L"
"1Z487","Unbranded","Rotate USB i træ","1Z48771M"
"1Z488","Unbranded","Lysende USB hvidt lys ","1Z48890D"
"1Z488","Unbranded","Lysende USB hvidt lys ","1Z48890F"
"1Z488","Unbranded","Lysende USB hvidt lys ","1Z48890G"
"1Z488","Unbranded","Lysende USB hvidt lys ","1Z48890H"
"1Z488","Unbranded","Lysende USB hvidt lys ","1Z48890K"
"1Z488","Unbranded","Lysende USB hvidt lys ","1Z48890L"
"1Z488","Unbranded","Lysende USB hvidt lys ","1Z48890M"
"1Z489","Unbranded","Type C USB 3.0","1Z48981L"
"1Z489","Unbranded","Type C USB 3.0","1Z48981M"
"1Z489","Unbranded","Type C USB 3.0","1Z48981N"
"1Z490","Unbranded","Type C USB 3.0 rund","1Z49081L"
"1Z490","Unbranded","Type C USB 3.0 rund","1Z49081M"
"1Z490","Unbranded","Type C USB 3.0 rund","1Z49081N"
"1Z491","Unbranded","Type C USB 3.0 rund stor","1Z49181L"
"1Z491","Unbranded","Type C USB 3.0 rund stor","1Z49181M"
"1Z491","Unbranded","Type C USB 3.0 rund stor","1Z49181N"
"1Z492","Unbranded","Type C karabinhage USB 3.0 ","1Z49281L"
"1Z492","Unbranded","Type C karabinhage USB 3.0 ","1Z49281M"
"1Z492","Unbranded","Type C karabinhage USB 3.0 ","1Z49281N"
"1Z500","Unbranded","Nøgleformet USB 2.0 af recycled papir","1Z50006D"
"1Z500","Unbranded","Nøgleformet USB 2.0 af recycled papir","1Z50006F"
"1Z500","Unbranded","Nøgleformet USB 2.0 af recycled papir","1Z50006G"
"1Z500","Unbranded","Nøgleformet USB 2.0 af recycled papir","1Z50006H"
"1Z500","Unbranded","Nøgleformet USB 2.0 af recycled papir","1Z50006K"
"1Z500","Unbranded","Nøgleformet USB 2.0 af recycled papir","1Z50006L"
"1Z500","Unbranded","Nøgleformet USB 2.0 af recycled papir","1Z50006M"
"1Z500","Unbranded","Nøgleformet USB 2.0 af recycled papir","1Z50006N"
"1Z501","Unbranded","Husformet USB 2.0 af recycled papir","1Z50106D"
"1Z501","Unbranded","Husformet USB 2.0 af recycled papir","1Z50106F"
"1Z501","Unbranded","Husformet USB 2.0 af recycled papir","1Z50106G"
"1Z501","Unbranded","Husformet USB 2.0 af recycled papir","1Z50106H"
"1Z501","Unbranded","Husformet USB 2.0 af recycled papir","1Z50106K"
"1Z501","Unbranded","Husformet USB 2.0 af recycled papir","1Z50106L"
"1Z501","Unbranded","Husformet USB 2.0 af recycled papir","1Z50106M"
"1Z501","Unbranded","Husformet USB 2.0 af recycled papir","1Z50106N"
"1Z502","Unbranded","Rundt USB 2.0 af recycled papir","1Z50206D"
"1Z502","Unbranded","Rundt USB 2.0 af recycled papir","1Z50206F"
"1Z502","Unbranded","Rundt USB 2.0 af recycled papir","1Z50206G"
"1Z502","Unbranded","Rundt USB 2.0 af recycled papir","1Z50206H"
"1Z502","Unbranded","Rundt USB 2.0 af recycled papir","1Z50206K"
"1Z502","Unbranded","Rundt USB 2.0 af recycled papir","1Z50206L"
"1Z502","Unbranded","Rundt USB 2.0 af recycled papir","1Z50206M"
"1Z502","Unbranded","Rundt USB 2.0 af recycled papir","1Z50206N"
"1Z503","Unbranded","Rotate USB 2.0 af recycled papir","1Z50306D"
"1Z503","Unbranded","Rotate USB 2.0 af recycled papir","1Z50306F"
"1Z503","Unbranded","Rotate USB 2.0 af recycled papir","1Z50306G"
"1Z503","Unbranded","Rotate USB 2.0 af recycled papir","1Z50306H"
"1Z503","Unbranded","Rotate USB 2.0 af recycled papir","1Z50306K"
"1Z503","Unbranded","Rotate USB 2.0 af recycled papir","1Z50306L"
"1Z503","Unbranded","Rotate USB 2.0 af recycled papir","1Z50306M"
"1Z503","Unbranded","Rotate USB 2.0 af recycled papir","1Z50306N"
"1Z504","Unbranded","USB 2.0 af træ med nøglering ","1Z50470F"
"1Z504","Unbranded","USB 2.0 af træ med nøglering ","1Z50470G"
"1Z504","Unbranded","USB 2.0 af træ med nøglering ","1Z50470H"
"1Z504","Unbranded","USB 2.0 af træ med nøglering ","1Z50470K"
"1Z504","Unbranded","USB 2.0 af træ med nøglering ","1Z50470L"
"1Z504","Unbranded","USB 2.0 af træ med nøglering ","1Z50470M"
"1Z504","Unbranded","USB 2.0 af træ med nøglering ","1Z50470N"
"1Z505","Unbranded","USB 2.0 af bambus med nøglering","1Z50506F"
"1Z505","Unbranded","USB 2.0 af bambus med nøglering","1Z50506G"
"1Z505","Unbranded","USB 2.0 af bambus med nøglering","1Z50506H"
"1Z505","Unbranded","USB 2.0 af bambus med nøglering","1Z50506K"
"1Z505","Unbranded","USB 2.0 af bambus med nøglering","1Z50506L"
"1Z505","Unbranded","USB 2.0 af bambus med nøglering","1Z50506M"
"1Z505","Unbranded","USB 2.0 af bambus med nøglering","1Z50506N"
"1Z506","Unbranded","Rotate-basic USB 3.0","1Z50601K"
"1Z506","Unbranded","Rotate-basic USB 3.0","1Z50601L"
"1Z506","Unbranded","Rotate-basic USB 3.0","1Z50601M"
"1Z506","Unbranded","Rotate-basic USB 3.0","1Z50601N"
"1Z506","Unbranded","Rotate-basic USB 3.0","1Z50611K"
"1Z506","Unbranded","Rotate-basic USB 3.0","1Z50611L"
"1Z506","Unbranded","Rotate-basic USB 3.0","1Z50611M"
"1Z506","Unbranded","Rotate-basic USB 3.0","1Z50611N"
"1Z506","Unbranded","Rotate-basic USB 3.0","1Z50621K"
"1Z506","Unbranded","Rotate-basic USB 3.0","1Z50621L"
"1Z506","Unbranded","Rotate-basic USB 3.0","1Z50621M"
"1Z506","Unbranded","Rotate-basic USB 3.0","1Z50621N"
"1Z506","Unbranded","Rotate-basic USB 3.0","1Z50631K"
"1Z506","Unbranded","Rotate-basic USB 3.0","1Z50631L"
"1Z506","Unbranded","Rotate-basic USB 3.0","1Z50631M"
"1Z506","Unbranded","Rotate-basic USB 3.0","1Z50631N"
"1Z506","Unbranded","Rotate-basic USB 3.0","1Z50637K"
"1Z506","Unbranded","Rotate-basic USB 3.0","1Z50637L"
"1Z506","Unbranded","Rotate-basic USB 3.0","1Z50637M"
"1Z506","Unbranded","Rotate-basic USB 3.0","1Z50637N"
"1Z506","Unbranded","Rotate-basic USB 3.0","1Z50641K"
"1Z506","Unbranded","Rotate-basic USB 3.0","1Z50641L"
"1Z506","Unbranded","Rotate-basic USB 3.0","1Z50641M"
"1Z506","Unbranded","Rotate-basic USB 3.0","1Z50641N"
"1Z506","Unbranded","Rotate-basic USB 3.0","1Z50652K"
"1Z506","Unbranded","Rotate-basic USB 3.0","1Z50652L"
"1Z506","Unbranded","Rotate-basic USB 3.0","1Z50652M"
"1Z506","Unbranded","Rotate-basic USB 3.0","1Z50652N"
"1Z506","Unbranded","Rotate-basic USB 3.0","1Z50653K"
"1Z506","Unbranded","Rotate-basic USB 3.0","1Z50653L"
"1Z506","Unbranded","Rotate-basic USB 3.0","1Z50653M"
"1Z506","Unbranded","Rotate-basic USB 3.0","1Z50653N"
"1Z506","Unbranded","Rotate-basic USB 3.0","1Z50661K"
"1Z506","Unbranded","Rotate-basic USB 3.0","1Z50661L"
"1Z506","Unbranded","Rotate-basic USB 3.0","1Z50661M"
"1Z506","Unbranded","Rotate-basic USB 3.0","1Z50661N"
"1Z506","Unbranded","Rotate-basic USB 3.0","1Z50663K"
"1Z506","Unbranded","Rotate-basic USB 3.0","1Z50663L"
"1Z506","Unbranded","Rotate-basic USB 3.0","1Z50663M"
"1Z506","Unbranded","Rotate-basic USB 3.0","1Z50663N"
"1Z506","Unbranded","Rotate-basic USB 3.0","1Z50690K"
"1Z506","Unbranded","Rotate-basic USB 3.0","1Z50690L"
"1Z506","Unbranded","Rotate-basic USB 3.0","1Z50690M"
"1Z506","Unbranded","Rotate-basic USB 3.0","1Z50690N"
"1Z506","Unbranded","Rotate-basic USB 3.0","1Z50691K"
"1Z506","Unbranded","Rotate-basic USB 3.0","1Z50691L"
"1Z506","Unbranded","Rotate-basic USB 3.0","1Z50691M"
"1Z506","Unbranded","Rotate-basic USB 3.0","1Z50691N"
"1Z506","Unbranded","Rotate-basic USB 3.0","1Z50692K"
"1Z506","Unbranded","Rotate-basic USB 3.0","1Z50692L"
"1Z506","Unbranded","Rotate-basic USB 3.0","1Z50692M"
"1Z506","Unbranded","Rotate-basic USB 3.0","1Z50692N"
"1Z506","Unbranded","Rotate-basic USB 3.0","1Z50693K"
"1Z506","Unbranded","Rotate-basic USB 3.0","1Z50693L"
"1Z506","Unbranded","Rotate-basic USB 3.0","1Z50693M"
"1Z506","Unbranded","Rotate-basic USB 3.0","1Z50693N"
"1Z507","Unbranded","Rotate USB 3.0 med nøglering ","1Z50701K"
"1Z507","Unbranded","Rotate USB 3.0 med nøglering ","1Z50701L"
"1Z507","Unbranded","Rotate USB 3.0 med nøglering ","1Z50701M"
"1Z507","Unbranded","Rotate USB 3.0 med nøglering ","1Z50701N"
"1Z507","Unbranded","Rotate USB 3.0 med nøglering ","1Z50711K"
"1Z507","Unbranded","Rotate USB 3.0 med nøglering ","1Z50711L"
"1Z507","Unbranded","Rotate USB 3.0 med nøglering ","1Z50711M"
"1Z507","Unbranded","Rotate USB 3.0 med nøglering ","1Z50711N"
"1Z507","Unbranded","Rotate USB 3.0 med nøglering ","1Z50721K"
"1Z507","Unbranded","Rotate USB 3.0 med nøglering ","1Z50721L"
"1Z507","Unbranded","Rotate USB 3.0 med nøglering ","1Z50721M"
"1Z507","Unbranded","Rotate USB 3.0 med nøglering ","1Z50721N"
"1Z507","Unbranded","Rotate USB 3.0 med nøglering ","1Z50731K"
"1Z507","Unbranded","Rotate USB 3.0 med nøglering ","1Z50731L"
"1Z507","Unbranded","Rotate USB 3.0 med nøglering ","1Z50731M"
"1Z507","Unbranded","Rotate USB 3.0 med nøglering ","1Z50731N"
"1Z507","Unbranded","Rotate USB 3.0 med nøglering ","1Z50737K"
"1Z507","Unbranded","Rotate USB 3.0 med nøglering ","1Z50737L"
"1Z507","Unbranded","Rotate USB 3.0 med nøglering ","1Z50737M"
"1Z507","Unbranded","Rotate USB 3.0 med nøglering ","1Z50737N"
"1Z507","Unbranded","Rotate USB 3.0 med nøglering ","1Z50741K"
"1Z507","Unbranded","Rotate USB 3.0 med nøglering ","1Z50741L"
"1Z507","Unbranded","Rotate USB 3.0 med nøglering ","1Z50741M"
"1Z507","Unbranded","Rotate USB 3.0 med nøglering ","1Z50741N"
"1Z507","Unbranded","Rotate USB 3.0 med nøglering ","1Z50752K"
"1Z507","Unbranded","Rotate USB 3.0 med nøglering ","1Z50752L"
"1Z507","Unbranded","Rotate USB 3.0 med nøglering ","1Z50752M"
"1Z507","Unbranded","Rotate USB 3.0 med nøglering ","1Z50752N"
"1Z507","Unbranded","Rotate USB 3.0 med nøglering ","1Z50753K"
"1Z507","Unbranded","Rotate USB 3.0 med nøglering ","1Z50753L"
"1Z507","Unbranded","Rotate USB 3.0 med nøglering ","1Z50753M"
"1Z507","Unbranded","Rotate USB 3.0 med nøglering ","1Z50753N"
"1Z507","Unbranded","Rotate USB 3.0 med nøglering ","1Z50761K"
"1Z507","Unbranded","Rotate USB 3.0 med nøglering ","1Z50761L"
"1Z507","Unbranded","Rotate USB 3.0 med nøglering ","1Z50761M"
"1Z507","Unbranded","Rotate USB 3.0 med nøglering ","1Z50761N"
"1Z507","Unbranded","Rotate USB 3.0 med nøglering ","1Z50763K"
"1Z507","Unbranded","Rotate USB 3.0 med nøglering ","1Z50763L"
"1Z507","Unbranded","Rotate USB 3.0 med nøglering ","1Z50763M"
"1Z507","Unbranded","Rotate USB 3.0 med nøglering ","1Z50763N"
"1Z507","Unbranded","Rotate USB 3.0 med nøglering ","1Z50790K"
"1Z507","Unbranded","Rotate USB 3.0 med nøglering ","1Z50790L"
"1Z507","Unbranded","Rotate USB 3.0 med nøglering ","1Z50790M"
"1Z507","Unbranded","Rotate USB 3.0 med nøglering ","1Z50790N"
"1Z507","Unbranded","Rotate USB 3.0 med nøglering ","1Z50791K"
"1Z507","Unbranded","Rotate USB 3.0 med nøglering ","1Z50791L"
"1Z507","Unbranded","Rotate USB 3.0 med nøglering ","1Z50791M"
"1Z507","Unbranded","Rotate USB 3.0 med nøglering ","1Z50791N"
"1Z507","Unbranded","Rotate USB 3.0 med nøglering ","1Z50792K"
"1Z507","Unbranded","Rotate USB 3.0 med nøglering ","1Z50792L"
"1Z507","Unbranded","Rotate USB 3.0 med nøglering ","1Z50792M"
"1Z507","Unbranded","Rotate USB 3.0 med nøglering ","1Z50792N"
"1Z508","Unbranded","Rotate metallisk USB 3.0","1Z50801K"
"1Z508","Unbranded","Rotate metallisk USB 3.0","1Z50801L"
"1Z508","Unbranded","Rotate metallisk USB 3.0","1Z50801M"
"1Z508","Unbranded","Rotate metallisk USB 3.0","1Z50801N"
"1Z508","Unbranded","Rotate metallisk USB 3.0","1Z50831K"
"1Z508","Unbranded","Rotate metallisk USB 3.0","1Z50831L"
"1Z508","Unbranded","Rotate metallisk USB 3.0","1Z50831M"
"1Z508","Unbranded","Rotate metallisk USB 3.0","1Z50831N"
"1Z508","Unbranded","Rotate metallisk USB 3.0","1Z50852K"
"1Z508","Unbranded","Rotate metallisk USB 3.0","1Z50852L"
"1Z508","Unbranded","Rotate metallisk USB 3.0","1Z50852M"
"1Z508","Unbranded","Rotate metallisk USB 3.0","1Z50852N"
"1Z508","Unbranded","Rotate metallisk USB 3.0","1Z50853K"
"1Z508","Unbranded","Rotate metallisk USB 3.0","1Z50853L"
"1Z508","Unbranded","Rotate metallisk USB 3.0","1Z50853M"
"1Z508","Unbranded","Rotate metallisk USB 3.0","1Z50853N"
"1Z508","Unbranded","Rotate metallisk USB 3.0","1Z50863K"
"1Z508","Unbranded","Rotate metallisk USB 3.0","1Z50863L"
"1Z508","Unbranded","Rotate metallisk USB 3.0","1Z50863M"
"1Z508","Unbranded","Rotate metallisk USB 3.0","1Z50863N"
"1Z508","Unbranded","Rotate metallisk USB 3.0","1Z50890K"
"1Z508","Unbranded","Rotate metallisk USB 3.0","1Z50890L"
"1Z508","Unbranded","Rotate metallisk USB 3.0","1Z50890M"
"1Z508","Unbranded","Rotate metallisk USB 3.0","1Z50890N"
"1Z508","Unbranded","Rotate metallisk USB 3.0","1Z50891K"
"1Z508","Unbranded","Rotate metallisk USB 3.0","1Z50891L"
"1Z508","Unbranded","Rotate metallisk USB 3.0","1Z50891M"
"1Z508","Unbranded","Rotate metallisk USB 3.0","1Z50891N"
"1Z508","Unbranded","Rotate metallisk USB 3.0","1Z50892K"
"1Z508","Unbranded","Rotate metallisk USB 3.0","1Z50892L"
"1Z508","Unbranded","Rotate metallisk USB 3.0","1Z50892M"
"1Z508","Unbranded","Rotate metallisk USB 3.0","1Z50892N"
"1Z509","Unbranded","Rotate USB 3.0 med doming","1Z50901K"
"1Z509","Unbranded","Rotate USB 3.0 med doming","1Z50901L"
"1Z509","Unbranded","Rotate USB 3.0 med doming","1Z50901M"
"1Z509","Unbranded","Rotate USB 3.0 med doming","1Z50901N"
"1Z509","Unbranded","Rotate USB 3.0 med doming","1Z50921K"
"1Z509","Unbranded","Rotate USB 3.0 med doming","1Z50921L"
"1Z509","Unbranded","Rotate USB 3.0 med doming","1Z50921M"
"1Z509","Unbranded","Rotate USB 3.0 med doming","1Z50921N"
"1Z509","Unbranded","Rotate USB 3.0 med doming","1Z50931K"
"1Z509","Unbranded","Rotate USB 3.0 med doming","1Z50931L"
"1Z509","Unbranded","Rotate USB 3.0 med doming","1Z50931M"
"1Z509","Unbranded","Rotate USB 3.0 med doming","1Z50931N"
"1Z509","Unbranded","Rotate USB 3.0 med doming","1Z50937K"
"1Z509","Unbranded","Rotate USB 3.0 med doming","1Z50937L"
"1Z509","Unbranded","Rotate USB 3.0 med doming","1Z50937M"
"1Z509","Unbranded","Rotate USB 3.0 med doming","1Z50937N"
"1Z509","Unbranded","Rotate USB 3.0 med doming","1Z50953K"
"1Z509","Unbranded","Rotate USB 3.0 med doming","1Z50953L"
"1Z509","Unbranded","Rotate USB 3.0 med doming","1Z50953M"
"1Z509","Unbranded","Rotate USB 3.0 med doming","1Z50953N"
"1Z509","Unbranded","Rotate USB 3.0 med doming","1Z50963K"
"1Z509","Unbranded","Rotate USB 3.0 med doming","1Z50963L"
"1Z509","Unbranded","Rotate USB 3.0 med doming","1Z50963M"
"1Z509","Unbranded","Rotate USB 3.0 med doming","1Z50963N"
"1Z509","Unbranded","Rotate USB 3.0 med doming","1Z50990K"
"1Z509","Unbranded","Rotate USB 3.0 med doming","1Z50990L"
"1Z509","Unbranded","Rotate USB 3.0 med doming","1Z50990M"
"1Z509","Unbranded","Rotate USB 3.0 med doming","1Z50990N"
"1Z509","Unbranded","Rotate USB 3.0 med doming","1Z50991K"
"1Z509","Unbranded","Rotate USB 3.0 med doming","1Z50991L"
"1Z509","Unbranded","Rotate USB 3.0 med doming","1Z50991M"
"1Z509","Unbranded","Rotate USB 3.0 med doming","1Z50991N"
"1Z510","Unbranded","Rotate USB 3.0 gennemsigtig ","1Z51021L"
"1Z510","Unbranded","Rotate USB 3.0 gennemsigtig ","1Z51021M"
"1Z510","Unbranded","Rotate USB 3.0 gennemsigtig ","1Z51021N"
"1Z510","Unbranded","Rotate USB 3.0 gennemsigtig ","1Z51031K"
"1Z510","Unbranded","Rotate USB 3.0 gennemsigtig ","1Z51031L"
"1Z510","Unbranded","Rotate USB 3.0 gennemsigtig ","1Z51031M"
"1Z510","Unbranded","Rotate USB 3.0 gennemsigtig ","1Z51031N"
"1Z510","Unbranded","Rotate USB 3.0 gennemsigtig ","1Z51041K"
"1Z510","Unbranded","Rotate USB 3.0 gennemsigtig ","1Z51041L"
"1Z510","Unbranded","Rotate USB 3.0 gennemsigtig ","1Z51041M"
"1Z510","Unbranded","Rotate USB 3.0 gennemsigtig ","1Z51041N"
"1Z510","Unbranded","Rotate USB 3.0 gennemsigtig ","1Z51052L"
"1Z510","Unbranded","Rotate USB 3.0 gennemsigtig ","1Z51052M"
"1Z510","Unbranded","Rotate USB 3.0 gennemsigtig ","1Z51052N"
"1Z510","Unbranded","Rotate USB 3.0 gennemsigtig ","1Z51061K"
"1Z510","Unbranded","Rotate USB 3.0 gennemsigtig ","1Z51061L"
"1Z510","Unbranded","Rotate USB 3.0 gennemsigtig ","1Z51061M"
"1Z510","Unbranded","Rotate USB 3.0 gennemsigtig ","1Z51061N"
"1Z510","Unbranded","Rotate USB 3.0 gennemsigtig ","1Z51091K"
"1Z510","Unbranded","Rotate USB 3.0 gennemsigtig ","1Z51093K"
"1Z511","Unbranded","Rotate USB 3.0 af recycled papir ","1Z51106K"
"1Z511","Unbranded","Rotate USB 3.0 af recycled papir ","1Z51106L"
"1Z511","Unbranded","Rotate USB 3.0 af recycled papir ","1Z51106M"
"1Z511","Unbranded","Rotate USB 3.0 af recycled papir ","1Z51106N"
"1Z512","Unbranded","USB 3.0 af træ med nøglering","1Z51270K"
"1Z512","Unbranded","USB 3.0 af træ med nøglering","1Z51270L"
"1Z512","Unbranded","USB 3.0 af træ med nøglering","1Z51270M"
"1Z512","Unbranded","USB 3.0 af træ med nøglering","1Z51270N"
"1Z513","Unbranded","USB 3.0 af bambus med nøglering","1Z51370K"
"1Z513","Unbranded","USB 3.0 af bambus med nøglering","1Z51370L"
"1Z513","Unbranded","USB 3.0 af bambus med nøglering","1Z51370M"
"1Z513","Unbranded","USB 3.0 af bambus med nøglering","1Z51370N"
"1Z514","Unbranded","OTG roter USB Type-C","1Z51401D"
"1Z514","Unbranded","OTG roter USB Type-C","1Z51401F"
"1Z514","Unbranded","OTG roter USB Type-C","1Z51401G"
"1Z514","Unbranded","OTG roter USB Type-C","1Z51401H"
"1Z514","Unbranded","OTG roter USB Type-C","1Z51401K"
"1Z514","Unbranded","OTG roter USB Type-C","1Z51401L"
"1Z514","Unbranded","OTG roter USB Type-C","1Z51401M"
"1Z514","Unbranded","OTG roter USB Type-C","1Z51411D"
"1Z514","Unbranded","OTG roter USB Type-C","1Z51411F"
"1Z514","Unbranded","OTG roter USB Type-C","1Z51411G"
"1Z514","Unbranded","OTG roter USB Type-C","1Z51411H"
"1Z514","Unbranded","OTG roter USB Type-C","1Z51411K"
"1Z514","Unbranded","OTG roter USB Type-C","1Z51411L"
"1Z514","Unbranded","OTG roter USB Type-C","1Z51411M"
"1Z514","Unbranded","OTG roter USB Type-C","1Z51421D"
"1Z514","Unbranded","OTG roter USB Type-C","1Z51421F"
"1Z514","Unbranded","OTG roter USB Type-C","1Z51421G"
"1Z514","Unbranded","OTG roter USB Type-C","1Z51421H"
"1Z514","Unbranded","OTG roter USB Type-C","1Z51421K"
"1Z514","Unbranded","OTG roter USB Type-C","1Z51421L"
"1Z514","Unbranded","OTG roter USB Type-C","1Z51421M"
"1Z514","Unbranded","OTG roter USB Type-C","1Z51441D"
"1Z514","Unbranded","OTG roter USB Type-C","1Z51441F"
"1Z514","Unbranded","OTG roter USB Type-C","1Z51441G"
"1Z514","Unbranded","OTG roter USB Type-C","1Z51441H"
"1Z514","Unbranded","OTG roter USB Type-C","1Z51441K"
"1Z514","Unbranded","OTG roter USB Type-C","1Z51441L"
"1Z514","Unbranded","OTG roter USB Type-C","1Z51441M"
"1Z514","Unbranded","OTG roter USB Type-C","1Z51452D"
"1Z514","Unbranded","OTG roter USB Type-C","1Z51452F"
"1Z514","Unbranded","OTG roter USB Type-C","1Z51452G"
"1Z514","Unbranded","OTG roter USB Type-C","1Z51452H"
"1Z514","Unbranded","OTG roter USB Type-C","1Z51452K"
"1Z514","Unbranded","OTG roter USB Type-C","1Z51452L"
"1Z514","Unbranded","OTG roter USB Type-C","1Z51452M"
"1Z514","Unbranded","OTG roter USB Type-C","1Z51461D"
"1Z514","Unbranded","OTG roter USB Type-C","1Z51461F"
"1Z514","Unbranded","OTG roter USB Type-C","1Z51461G"
"1Z514","Unbranded","OTG roter USB Type-C","1Z51461H"
"1Z514","Unbranded","OTG roter USB Type-C","1Z51461K"
"1Z514","Unbranded","OTG roter USB Type-C","1Z51461L"
"1Z514","Unbranded","OTG roter USB Type-C","1Z51461M"
"1Z514","Unbranded","OTG roter USB Type-C","1Z51490D"
"1Z514","Unbranded","OTG roter USB Type-C","1Z51490F"
"1Z514","Unbranded","OTG roter USB Type-C","1Z51490G"
"1Z514","Unbranded","OTG roter USB Type-C","1Z51490H"
"1Z514","Unbranded","OTG roter USB Type-C","1Z51490K"
"1Z514","Unbranded","OTG roter USB Type-C","1Z51490L"
"1Z514","Unbranded","OTG roter USB Type-C","1Z51490M"
"1Z516","Unbranded","Kompakt USB 3.0 i metal","1Z51681K"
"1Z516","Unbranded","Kompakt USB 3.0 i metal","1Z51681L"
"1Z516","Unbranded","Kompakt USB 3.0 i metal","1Z51681M"
"1Z516","Unbranded","Kompakt USB 3.0 i metal","1Z51681N"
"1Z517","Unbranded","Fladt USB 2.0 i metal","1Z51782F"
"1Z517","Unbranded","Fladt USB 2.0 i metal","1Z51782G"
"1Z517","Unbranded","Fladt USB 2.0 i metal","1Z51782H"
"1Z517","Unbranded","Fladt USB 2.0 i metal","1Z51782K"
"1Z517","Unbranded","Fladt USB 2.0 i metal","1Z51782L"
"1Z517","Unbranded","Fladt USB 2.0 i metal","1Z51782M"
"1Z517","Unbranded","Fladt USB 2.0 i metal","1Z51782N"
"1ZB007","Unbranded","Håndlavet integra papirpose 170 g/m2 til vinflaske med snørre håndtag - 12 x 9 x 37 cm","1ZB00701"
"1ZB007","Unbranded","Håndlavet integra papirpose 170 g/m2 til vinflaske med snørre håndtag - 12 x 9 x 37 cm","1ZB00790"
"1ZB008","Unbranded","Håndlavet integra papirpose 170 g/m2 med snørre håndtag - 9,5 x 4 x 17 cm","1ZB00801"
"1ZB008","Unbranded","Håndlavet integra papirpose 170 g/m2 med snørre håndtag - 9,5 x 4 x 17 cm","1ZB00890"
"1ZB009","Unbranded","Håndlavet integra papirpose 170 g/m2 med snørre håndtag - 18 x 9 x 23 cm","1ZB00901"
"1ZB009","Unbranded","Håndlavet integra papirpose 170 g/m2 med snørre håndtag - 18 x 9 x 23 cm","1ZB00990"
"1ZB010","Unbranded","Håndlavet integra papirpose 170 g/m2 med snørre håndtag - 24 x 9 x 36 cm","1ZB01001"
"1ZB010","Unbranded","Håndlavet integra papirpose 170 g/m2 med snørre håndtag - 24 x 9 x 36 cm","1ZB01090"
"1ZB011","Unbranded","Håndlavet integra papirpose 170 g/m2 med snørre håndtag - 31 x 12 x 41 cm","1ZB01101"
"1ZB011","Unbranded","Håndlavet integra papirpose 170 g/m2 med snørre håndtag - 31 x 12 x 41 cm","1ZB01190"
"1ZB012","Unbranded","Håndlavet integra papirpose 170 g/m2 med snørre håndtag - 45 x 10 x 35 cm","1ZB01201"
"1ZB012","Unbranded","Håndlavet integra papirpose 170 g/m2 med snørre håndtag - 45 x 10 x 35 cm","1ZB01290"
"1ZM001","Unbranded","Papirspose 150 g/m2 lavet af landbrugsaffald med twisted håndtag - 24 x 9 x 24 cm","1ZM00101"
"1ZM002","Unbranded","Papirspose 150 g/m2 lavet af landbrugsaffald med twisted håndtag - 24 x 9 x 32 cm","1ZM00201"
"1ZM003","Unbranded","Papirspose 150 g/m2 lavet af landbrugsaffald med twisted håndtag - 31 x 12 x 25 cm","1ZM00301"
"1ZM004","Unbranded","Papirspose 150 g/m2 lavet af landbrugsaffald med twisted håndtag - 31 x 12 x 31 cm","1ZM00401"
"1ZM005","Unbranded","Papirspose 150 g/m2 lavet af landbrugsaffald med twisted håndtag - 31 x 12 x 41 cm","1ZM00501"
"1ZM006","Unbranded","Kraftpapirpose 120 g/m2 med twisted håndtag - 24 x 9 x 24 cm","1ZM00601"
"1ZM006","Unbranded","Kraftpapirpose 120 g/m2 med twisted håndtag - 24 x 9 x 24 cm","1ZM00606"
"1ZM007","Unbranded","Kraftpapirpose 120 g/m2 med twisted håndtag - 24 x 9 x 32 cm","1ZM00701"
"1ZM007","Unbranded","Kraftpapirpose 120 g/m2 med twisted håndtag - 24 x 9 x 32 cm","1ZM00706"
"1ZM008","Unbranded","Kraftpapirpose 120 g/m2 med twisted håndtag - 31 x 12 x 25 cm","1ZM00801"
"1ZM008","Unbranded","Kraftpapirpose 120 g/m2 med twisted håndtag - 31 x 12 x 25 cm","1ZM00806"
"1ZM009","Unbranded","Kraftpapirpose 120 g/m2 med twisted håndtag - 31 x 12 x 31 cm","1ZM00901"
"1ZM009","Unbranded","Kraftpapirpose 120 g/m2 med twisted håndtag - 31 x 12 x 31 cm","1ZM00906"
"1ZM010","Unbranded","Kraftpapirpose 120 g/m2 med twisted håndtag - 31 x 12 x 41 cm","1ZM01001"
"1ZM010","Unbranded","Kraftpapirpose 120 g/m2 med twisted håndtag - 31 x 12 x 41 cm","1ZM01006"
"1ZM011","Unbranded","Smartfold papirpose, 210 g/m², med båndhåndtag og glanslaminering – 24 x 10 x 24 cm","1ZM01101"
"1ZM011","Unbranded","Smartfold papirpose, 210 g/m², med båndhåndtag og glanslaminering – 24 x 10 x 24 cm","1ZM01121"
"1ZM011","Unbranded","Smartfold papirpose, 210 g/m², med båndhåndtag og glanslaminering – 24 x 10 x 24 cm","1ZM01152"
"1ZM011","Unbranded","Smartfold papirpose, 210 g/m², med båndhåndtag og glanslaminering – 24 x 10 x 24 cm","1ZM01190"
"1ZM012","Unbranded","Smartfold papirpose, 210 g/m², med båndhåndtag og glanslaminering – 24 x 10 x 32 cm","1ZM01201"
"1ZM012","Unbranded","Smartfold papirpose, 210 g/m², med båndhåndtag og glanslaminering – 24 x 10 x 32 cm","1ZM01221"
"1ZM012","Unbranded","Smartfold papirpose, 210 g/m², med båndhåndtag og glanslaminering – 24 x 10 x 32 cm","1ZM01252"
"1ZM012","Unbranded","Smartfold papirpose, 210 g/m², med båndhåndtag og glanslaminering – 24 x 10 x 32 cm","1ZM01290"
"1ZM013","Unbranded","Smartfold papirpose, 210 g/m², med båndhåndtag og glanslaminering – 31 x 12 x 31 cm","1ZM01301"
"1ZM013","Unbranded","Smartfold papirpose, 210 g/m², med båndhåndtag og glanslaminering – 31 x 12 x 31 cm","1ZM01321"
"1ZM013","Unbranded","Smartfold papirpose, 210 g/m², med båndhåndtag og glanslaminering – 31 x 12 x 31 cm","1ZM01352"
"1ZM013","Unbranded","Smartfold papirpose, 210 g/m², med båndhåndtag og glanslaminering – 31 x 12 x 31 cm","1ZM01390"
"1ZM014","Unbranded","Smartfold papirpose, 210 g/m², med båndhåndtag og glanslaminering – 31 x 12 x 39 cm","1ZM01401"
"1ZM014","Unbranded","Smartfold papirpose, 210 g/m², med båndhåndtag og glanslaminering – 31 x 12 x 39 cm","1ZM01421"
"1ZM014","Unbranded","Smartfold papirpose, 210 g/m², med båndhåndtag og glanslaminering – 31 x 12 x 39 cm","1ZM01452"
"1ZM014","Unbranded","Smartfold papirpose, 210 g/m², med båndhåndtag og glanslaminering – 31 x 12 x 39 cm","1ZM01490"
"1ZM015","Unbranded","Smartfold papirpose, 210 g/m², med båndhåndtag og glanslaminering – 42 x 12 x 35 cm","1ZM01501"
"1ZM015","Unbranded","Smartfold papirpose, 210 g/m², med båndhåndtag og glanslaminering – 42 x 12 x 35 cm","1ZM01521"
"1ZM015","Unbranded","Smartfold papirpose, 210 g/m², med båndhåndtag og glanslaminering – 42 x 12 x 35 cm","1ZM01552"
"1ZM015","Unbranded","Smartfold papirpose, 210 g/m², med båndhåndtag og glanslaminering – 42 x 12 x 35 cm","1ZM01590"
"1ZM016","Unbranded","Smartfold papirpose, 210 g/m², med båndhåndtag og mat laminering – 24 x 10 x 24 cm","1ZM01601"
"1ZM016","Unbranded","Smartfold papirpose, 210 g/m², med båndhåndtag og mat laminering – 24 x 10 x 24 cm","1ZM01621"
"1ZM016","Unbranded","Smartfold papirpose, 210 g/m², med båndhåndtag og mat laminering – 24 x 10 x 24 cm","1ZM01652"
"1ZM016","Unbranded","Smartfold papirpose, 210 g/m², med båndhåndtag og mat laminering – 24 x 10 x 24 cm","1ZM01690"
"1ZM017","Unbranded","Smartfold papirpose, 210 g/m², med båndhåndtag og mat laminering – 24 x 10 x 32 cm","1ZM01701"
"1ZM017","Unbranded","Smartfold papirpose, 210 g/m², med båndhåndtag og mat laminering – 24 x 10 x 32 cm","1ZM01721"
"1ZM017","Unbranded","Smartfold papirpose, 210 g/m², med båndhåndtag og mat laminering – 24 x 10 x 32 cm","1ZM01752"
"1ZM017","Unbranded","Smartfold papirpose, 210 g/m², med båndhåndtag og mat laminering – 24 x 10 x 32 cm","1ZM01790"
"1ZM018","Unbranded","Smartfold papirpose, 210 g/m², med båndhåndtag og mat laminering – 31 x 12 x 31 cm","1ZM01801"
"1ZM018","Unbranded","Smartfold papirpose, 210 g/m², med båndhåndtag og mat laminering – 31 x 12 x 31 cm","1ZM01821"
"1ZM018","Unbranded","Smartfold papirpose, 210 g/m², med båndhåndtag og mat laminering – 31 x 12 x 31 cm","1ZM01852"
"1ZM018","Unbranded","Smartfold papirpose, 210 g/m², med båndhåndtag og mat laminering – 31 x 12 x 31 cm","1ZM01890"
"1ZM019","Unbranded","Smartfold papirpose, 210 g/m², med båndhåndtag og mat laminering – 31 x 12 x 39 cm","1ZM01901"
"1ZM019","Unbranded","Smartfold papirpose, 210 g/m², med båndhåndtag og mat laminering – 31 x 12 x 39 cm","1ZM01921"
"1ZM019","Unbranded","Smartfold papirpose, 210 g/m², med båndhåndtag og mat laminering – 31 x 12 x 39 cm","1ZM01952"
"1ZM019","Unbranded","Smartfold papirpose, 210 g/m², med båndhåndtag og mat laminering – 31 x 12 x 39 cm","1ZM01990"
"1ZM020","Unbranded","Smartfold papirpose, 210 g/m², med båndhåndtag og mat laminering – 42 x 12 x 35 cm","1ZM02001"
"1ZM020","Unbranded","Smartfold papirpose, 210 g/m², med båndhåndtag og mat laminering – 42 x 12 x 35 cm","1ZM02021"
"1ZM020","Unbranded","Smartfold papirpose, 210 g/m², med båndhåndtag og mat laminering – 42 x 12 x 35 cm","1ZM02052"
"1ZM020","Unbranded","Smartfold papirpose, 210 g/m², med båndhåndtag og mat laminering – 42 x 12 x 35 cm","1ZM02090"
"1ZM021","Unbranded","Papirpose i kraftpapir, 120 g/m², med snoede håndtag – 18 x 9 x 23 cm","1ZM02101"
"1ZM021","Unbranded","Papirpose i kraftpapir, 120 g/m², med snoede håndtag – 18 x 9 x 23 cm","1ZM02106"
"1ZM022","Unbranded","Landbrugsaffaldspose i papir, 150 g/m², med snoede håndtag – 18 x 9 x 23 cm","1ZM02202"
